#,Palabra, Nula[%], Baja[%] , Media[%], Alta[%], PFA,Categor°a
1,abundancia,0,0,50,50,0.83,Alegr°a
2,acabalar,40,0,60,0,0.396,Alegr°a
3,acallar,50,40,10,0,0.198,Alegr°a
4,acatar,50,40,10,0,0.198,Alegr°a
5,acci¢n,30,30,30,10,0.397,Alegr°a
6,aceptable,0,20,80,0,0.594,Alegr°a
7,aceptaci¢n,0,20,50,30,0.696,Alegr°a
8,acicate,10,50,40,0,0.429,Alegr°a
9,aclamaci¢n,10,10,10,70,0.799,Alegr°a
10,aclamar,10,10,10,70,0.799,Alegr°a
11,acogedor,0,0,50,50,0.83,Alegr°a
12,acoger,0,10,60,30,0.729,Alegr°a
13,acomodadamente,0,10,60,30,0.729,Alegr°a
14,acuciar,30,60,10,0,0.264,Alegr°a
15,acucioso,50,40,0,10,0.232,Alegr°a
16,adecuar,30,50,10,10,0.331,Alegr°a
17,adicto,20,30,50,0,0.429,Alegr°a
18,admirable,10,0,40,50,0.764,Alegr°a
19,admirablemente,10,10,20,60,0.765,Alegr°a
20,admiraci¢n,10,10,20,60,0.765,Alegr°a
21,admirar,10,10,30,50,0.731,Alegr°a
22,admitir,10,40,30,20,0.53,Alegr°a
23,adorable,0,0,30,70,0.898,Alegr°a
24,adorablemente,0,10,20,70,0.865,Alegr°a
25,adoraci¢n,0,30,10,60,0.765,Alegr°a
26,adorador,0,40,20,40,0.664,Alegr°a
27,adorar,0,20,30,50,0.764,Alegr°a
28,afable,10,0,60,30,0.696,Alegr°a
29,af†n,10,0,40,50,0.764,Alegr°a
30,afectivo,0,0,40,60,0.864,Alegr°a
31,afecto,0,10,10,80,0.899,Alegr°a
32,afectuosamente,0,0,10,90,0.966,Alegr°a
33,afectuosidad,0,0,20,80,0.932,Alegr°a
34,afectuoso,0,0,30,70,0.898,Alegr°a
35,afervorizar,0,30,20,50,0.731,Alegr°a
36,afici¢n,0,10,60,30,0.729,Alegr°a
37,aficionar,0,30,60,10,0.595,Alegr°a
38,afortunadamente,0,10,30,60,0.831,Alegr°a
39,afortunado,0,0,20,80,0.932,Alegr°a
40,agradable,0,10,10,80,0.899,Alegr°a
41,agradar,0,20,20,60,0.798,Alegr°a
42,agradecer,0,10,50,40,0.763,Alegr°a
43,agradecido,0,20,30,50,0.764,Alegr°a
44,agudeza,40,30,20,10,0.331,Alegr°a
45,aguzar,70,10,10,10,0.199,Alegr°a
46,ah°nco,0,20,40,40,0.73,Alegr°a
47,ah°to,20,20,30,30,0.564,Alegr°a
48,airoso,20,30,10,40,0.565,Alegr°a
49,alabar,20,20,40,20,0.53,Alegr°a
50,alborozar,0,10,10,80,0.899,Alegr°a
51,alborozo,0,10,10,80,0.899,Alegr°a
52,alegrar,0,0,10,90,0.966,Alegr°a
53,alegre,0,0,0,100,1,Alegr°a
54,alegremente,0,0,0,100,1,Alegr°a
55,alegr°a,0,0,0,100,1,Alegr°a
56,alentar,0,20,40,40,0.73,Alegr°a
57,aliviar,0,10,50,40,0.763,Alegr°a
58,alivio,0,10,50,40,0.763,Alegr°a
59,allegar,20,60,10,10,0.364,Alegr°a
60,alma,20,50,20,10,0.397,Alegr°a
61,altivo,70,20,10,0,0.132,Alegr°a
62,altruismo,10,30,50,10,0.529,Alegr°a
63,alzar,40,40,10,10,0.298,Alegr°a
64,amabilidad,0,0,80,20,0.728,Alegr°a
65,amable,0,0,70,30,0.762,Alegr°a
66,amablemente,0,0,70,30,0.762,Alegr°a
67,amante,10,10,30,50,0.731,Alegr°a
68,amar,0,10,10,80,0.899,Alegr°a
69,amartelado,0,0,10,90,0.966,Alegr°a
70,amartelar,10,10,30,50,0.731,Alegr°a
71,amativo,0,20,30,50,0.764,Alegr°a
72,amatorio,0,20,10,70,0.832,Alegr°a
73,ambici¢n,10,50,40,0,0.429,Alegr°a
74,ambicioso,20,50,30,0,0.363,Alegr°a
75,amigabilidad,0,0,30,70,0.898,Alegr°a
76,amigable,0,0,30,70,0.898,Alegr°a
77,amigablemente,0,0,40,60,0.864,Alegr°a
78,amigo,0,0,30,70,0.898,Alegr°a
79,amistad,0,0,10,90,0.966,Alegr°a
80,amistosamente,0,0,30,70,0.898,Alegr°a
81,amistoso,0,0,10,90,0.966,Alegr°a
82,amor,0,0,10,90,0.966,Alegr°a
83,amorosamente,0,0,20,80,0.932,Alegr°a
84,amorosidad,0,0,30,70,0.898,Alegr°a
85,amoroso,0,0,30,70,0.898,Alegr°a
86,amuleto,30,40,10,20,0.398,Alegr°a
87,anhelo,40,30,30,0,0.297,Alegr°a
88,animaci¢n,0,40,50,10,0.562,Alegr°a
89,animado,0,10,20,70,0.865,Alegr°a
90,animar,0,10,40,50,0.797,Alegr°a
91,†nimo,0,0,40,60,0.864,Alegr°a
92,animoso,0,0,50,50,0.83,Alegr°a
93,anticipar,50,30,20,0,0.231,Alegr°a
94,apaciguar,40,40,10,10,0.298,Alegr°a
95,apasionadamente,0,30,40,30,0.663,Alegr°a
96,apasionamiento,0,20,50,30,0.696,Alegr°a
97,apasionante,0,20,20,60,0.798,Alegr°a
98,apego,0,50,20,30,0.597,Alegr°a
99,apetecer,20,50,30,0,0.363,Alegr°a
100,aplaudir,0,10,40,50,0.797,Alegr°a
101,aplauso,0,10,50,40,0.763,Alegr°a
102,apreciar,0,30,50,20,0.629,Alegr°a
103,aprobaci¢n,10,20,50,20,0.596,Alegr°a
104,aprobar,0,40,20,40,0.664,Alegr°a
105,aprobatorio,0,40,0,60,0.732,Alegr°a
106,aquietar,50,50,0,0,0.165,Alegr°a
107,ardiente,40,20,40,0,0.33,Alegr°a
108,ardor,50,30,10,10,0.265,Alegr°a
109,armon°a,0,0,40,60,0.864,Alegr°a
110,arreglar,20,60,20,0,0.33,Alegr°a
111,arrobo,20,10,30,40,0.631,Alegr°a
112,arrojo,30,30,40,0,0.363,Alegr°a
113,asombro,20,40,40,0,0.396,Alegr°a
114,atracci¢n,0,30,40,30,0.663,Alegr°a
115,atractivo,0,20,50,30,0.696,Alegr°a
116,atraer,10,30,20,40,0.631,Alegr°a
117,atrayente,10,40,30,20,0.53,Alegr°a
118,atrayentemente,10,50,20,20,0.497,Alegr°a
119,autocomplacencia,10,20,40,30,0.63,Alegr°a
120,autorizaci¢n,20,50,20,10,0.397,Alegr°a
121,autorrespeto,20,20,20,40,0.598,Alegr°a
122,autosatisfacci¢n,10,0,30,60,0.798,Alegr°a
123,autosatisfecho,0,0,60,40,0.796,Alegr°a
124,autosuficiencia,0,20,30,50,0.764,Alegr°a
125,†vido,50,40,10,0,0.198,Alegr°a
126,avivar,30,40,30,0,0.33,Alegr°a
127,benefactor,10,20,60,10,0.562,Alegr°a
128,beneficencia,0,40,40,20,0.596,Alegr°a
129,beneficiado,0,0,50,50,0.83,Alegr°a
130,beneficiar,0,10,60,30,0.729,Alegr°a
131,beneficio,0,0,30,70,0.898,Alegr°a
132,beneficiosamente,0,10,40,50,0.797,Alegr°a
133,beneficioso,0,0,40,60,0.864,Alegr°a
134,benÇfico,0,10,30,60,0.831,Alegr°a
135,benepl†cito,10,40,20,30,0.564,Alegr°a
136,benÇvolamente,0,60,40,0,0.462,Alegr°a
137,benevolencia,0,60,40,0,0.462,Alegr°a
138,benevolente,0,40,60,0,0.528,Alegr°a
139,benÇvolo,10,30,60,0,0.495,Alegr°a
140,benignamente,30,30,10,30,0.465,Alegr°a
141,benigno,30,30,10,30,0.465,Alegr°a
142,bien,10,0,30,60,0.798,Alegr°a
143,bienandanza,10,10,20,60,0.765,Alegr°a
144,bienaventurado,0,10,30,60,0.831,Alegr°a
145,bienaventuranza,0,40,30,30,0.63,Alegr°a
146,bienestar,0,0,20,80,0.932,Alegr°a
147,bienhechor,0,10,70,20,0.695,Alegr°a
148,bienquerencia,0,10,60,30,0.729,Alegr°a
149,bienquerer,0,0,70,30,0.762,Alegr°a
150,bizbirondo,0,10,10,80,0.899,Alegr°a
151,blando,40,60,0,0,0.198,Alegr°a
152,blandura,60,40,0,0,0.132,Alegr°a
153,bondad,0,20,50,30,0.696,Alegr°a
154,bondadosamente,0,20,50,30,0.696,Alegr°a
155,bondadoso,0,10,50,40,0.763,Alegr°a
156,bonhom°a,20,20,60,0,0.462,Alegr°a
157,brillante,10,10,50,30,0.663,Alegr°a
158,br°o,20,30,40,10,0.463,Alegr°a
159,brioso,20,30,40,10,0.463,Alegr°a
160,bromear,0,10,30,60,0.831,Alegr°a
161,bueno,0,0,30,70,0.898,Alegr°a
162,bullanguero,10,20,30,40,0.664,Alegr°a
163,bullicioso,0,40,20,40,0.664,Alegr°a
164,burla,40,20,30,10,0.364,Alegr°a
165,burlar,30,30,20,20,0.431,Alegr°a
166,cabal,40,40,20,0,0.264,Alegr°a
167,calidez,0,20,70,10,0.628,Alegr°a
168,c†lido,20,40,30,10,0.43,Alegr°a
169,caliente,40,40,20,0,0.264,Alegr°a
170,calmado,50,30,20,0,0.231,Alegr°a
171,calor,70,30,0,0,0.099,Alegr°a
172,calurosamente,50,10,20,20,0.365,Alegr°a
173,camarader°a,0,40,30,30,0.63,Alegr°a
174,campante,10,30,50,10,0.529,Alegr°a
175,captivar,20,40,30,10,0.43,Alegr°a
176,capturar,70,30,0,0,0.099,Alegr°a
177,carcajada,0,0,20,80,0.932,Alegr°a
178,caridad,0,40,30,30,0.63,Alegr°a
179,cari§o,0,0,40,60,0.864,Alegr°a
180,cari§osamente,0,20,30,50,0.764,Alegr°a
181,cari§oso,0,0,50,50,0.83,Alegr°a
182,caritativo,0,40,30,30,0.63,Alegr°a
183,cautivador,0,20,70,10,0.628,Alegr°a
184,cautivadoramente,0,30,60,10,0.595,Alegr°a
185,cautivar,0,40,50,10,0.562,Alegr°a
186,celebrar,0,10,0,90,0.933,Alegr°a
187,celo,70,20,10,0,0.132,Alegr°a
188,celosamente,80,20,0,0,0.066,Alegr°a
189,celoso,90,10,0,0,0.033,Alegr°a
190,chancear,10,20,20,50,0.698,Alegr°a
191,chanza,20,20,20,40,0.598,Alegr°a
192,chotear,10,30,10,50,0.665,Alegr°a
193,choteo,20,20,30,30,0.564,Alegr°a
194,chulear,0,30,50,20,0.629,Alegr°a
195,clemente,40,40,20,0,0.264,Alegr°a
196,cogida,60,30,0,10,0.199,Alegr°a
197,cogollo,80,20,0,0,0.066,Alegr°a
198,colmar,70,10,20,0,0.165,Alegr°a
199,colosal,10,50,30,10,0.463,Alegr°a
200,c¢modamente,0,30,50,20,0.629,Alegr°a
201,comodidad,0,20,60,20,0.662,Alegr°a
202,c¢modo,0,10,70,20,0.695,Alegr°a
203,compa§erismo,10,0,50,40,0.73,Alegr°a
204,compasi¢n,30,40,20,10,0.364,Alegr°a
205,compasivo,10,60,20,10,0.43,Alegr°a
206,compatibilidad,0,60,30,10,0.496,Alegr°a
207,compatible,10,40,50,0,0.462,Alegr°a
208,compatiblemente,10,70,20,0,0.363,Alegr°a
209,compensaci¢n,30,50,10,10,0.331,Alegr°a
210,complacencia,10,10,60,20,0.629,Alegr°a
211,complacer,0,20,40,40,0.73,Alegr°a
212,complacible,10,10,70,10,0.595,Alegr°a
213,complacido,0,0,40,60,0.864,Alegr°a
214,complaciente,10,0,50,40,0.73,Alegr°a
215,comprensivo,0,40,50,10,0.562,Alegr°a
216,concernir,80,20,0,0,0.066,Alegr°a
217,condescender,20,50,30,0,0.363,Alegr°a
218,condescendiente,20,40,40,0,0.396,Alegr°a
219,condimento,70,30,0,0,0.099,Alegr°a
220,condolencia,60,40,0,0,0.132,Alegr°a
221,confiado,40,30,30,0,0.297,Alegr°a
222,confirmaci¢n,20,50,30,0,0.363,Alegr°a
223,confirmar,10,70,20,0,0.363,Alegr°a
224,confort,10,20,50,20,0.596,Alegr°a
225,confortable,0,30,40,30,0.663,Alegr°a
226,confortablemente,0,30,60,10,0.595,Alegr°a
227,confortaci¢n,10,30,50,10,0.529,Alegr°a
228,confortador,10,40,40,10,0.496,Alegr°a
229,confortar,0,50,40,10,0.529,Alegr°a
230,confraternidad,0,20,40,40,0.73,Alegr°a
231,congeniar,0,20,70,10,0.628,Alegr°a
232,congraciar,0,20,80,0,0.594,Alegr°a
233,congratular,0,30,20,50,0.731,Alegr°a
234,conmiseraci¢n,80,20,0,0,0.066,Alegr°a
235,conmover,50,50,0,0,0.165,Alegr°a
236,conquista,20,30,40,10,0.463,Alegr°a
237,consenso,20,60,20,0,0.33,Alegr°a
238,consentimiento,10,60,30,0,0.396,Alegr°a
239,consideraci¢n,10,60,30,0,0.396,Alegr°a
240,considerar,10,60,30,0,0.396,Alegr°a
241,consolaci¢n,20,50,20,10,0.397,Alegr°a
242,consolador,40,30,20,10,0.331,Alegr°a
243,consolar,20,50,20,10,0.397,Alegr°a
244,consuelo,20,40,30,10,0.43,Alegr°a
245,consumar,30,40,20,10,0.364,Alegr°a
246,contemporizar,50,50,0,0,0.165,Alegr°a
247,contentar,0,0,70,30,0.762,Alegr°a
248,contento,0,0,10,90,0.966,Alegr°a
249,copiosidad,10,20,60,10,0.562,Alegr°a
250,copioso,20,20,60,0,0.462,Alegr°a
251,coraz¢n,30,40,30,0,0.33,Alegr°a
252,cordial,0,30,50,20,0.629,Alegr°a
253,cordialidad,0,30,40,30,0.663,Alegr°a
254,cordialmente,0,10,60,30,0.729,Alegr°a
255,cortes°a,0,10,70,20,0.695,Alegr°a
256,cosquillear,0,20,30,50,0.764,Alegr°a
257,cosquilleo,0,20,30,50,0.764,Alegr°a
258,crecer,0,60,20,20,0.53,Alegr°a
259,cuidar,30,40,30,0,0.33,Alegr°a
260,culminaci¢n,30,40,10,20,0.398,Alegr°a
261,culto,40,40,20,0,0.264,Alegr°a
262,cumplido,20,10,60,10,0.529,Alegr°a
263,cumplimentar,30,40,20,10,0.364,Alegr°a
264,cumplir,20,20,50,10,0.496,Alegr°a
265,decorativo,10,70,20,0,0.363,Alegr°a
266,dedicar,10,40,50,0,0.462,Alegr°a
267,deferencia,0,50,50,0,0.495,Alegr°a
268,deleitar,0,0,60,40,0.796,Alegr°a
269,delÇitese,0,10,70,20,0.695,Alegr°a
270,delicadeza,40,40,20,0,0.264,Alegr°a
271,delicado,50,50,0,0,0.165,Alegr°a
272,delicia,0,30,40,30,0.663,Alegr°a
273,desagraviar,50,30,20,0,0.231,Alegr°a
274,desahogo,10,70,20,0,0.363,Alegr°a
275,desear,10,60,30,0,0.396,Alegr°a
276,desempe§ar,20,30,40,10,0.463,Alegr°a
277,desempe§o,20,10,60,10,0.529,Alegr°a
278,desenvoltura,40,40,20,0,0.264,Alegr°a
279,deseoso,30,40,10,20,0.398,Alegr°a
280,despenar,50,10,40,0,0.297,Alegr°a
281,despertar,50,40,10,0,0.198,Alegr°a
282,despreocupaci¢n,0,50,30,20,0.563,Alegr°a
283,devoci¢n,10,50,20,20,0.497,Alegr°a
284,devoto,20,30,40,10,0.463,Alegr°a
285,dicha,0,30,20,50,0.731,Alegr°a
286,dichosamente,0,20,30,50,0.764,Alegr°a
287,dichoso,0,20,10,70,0.832,Alegr°a
288,dignificar,10,40,50,0,0.462,Alegr°a
289,dilecci¢n,10,30,40,20,0.563,Alegr°a
290,disfrutar,0,0,50,50,0.83,Alegr°a
291,disfrute,0,0,30,70,0.898,Alegr°a
292,divertidamente,0,0,10,90,0.966,Alegr°a
293,divertid°simamente,0,0,0,100,1,Alegr°a
294,divertido,0,0,0,100,1,Alegr°a
295,divertir,0,0,10,90,0.966,Alegr°a
296,divinizar,20,50,30,0,0.363,Alegr°a
297,divino,10,30,40,20,0.563,Alegr°a
298,donaire,30,20,50,0,0.396,Alegr°a
299,dulce,10,20,60,10,0.562,Alegr°a
300,dulzura,10,10,50,30,0.663,Alegr°a
301,edificante,20,30,30,20,0.497,Alegr°a
302,edificar,40,10,50,0,0.363,Alegr°a
303,efusi¢n,30,10,40,20,0.497,Alegr°a
304,efusivamente,10,0,50,40,0.73,Alegr°a
305,efusivo,10,0,40,50,0.764,Alegr°a
306,ejemplo,60,10,30,0,0.231,Alegr°a
307,elecci¢n,50,20,30,0,0.264,Alegr°a
308,elegante,50,30,20,0,0.231,Alegr°a
309,elevar,70,10,20,0,0.165,Alegr°a
310,elogio,20,30,40,10,0.463,Alegr°a
311,embebecer,0,40,40,20,0.596,Alegr°a
312,embelesar,0,40,40,20,0.596,Alegr°a
313,embeleso,20,30,30,20,0.497,Alegr°a
314,embobar,40,40,10,10,0.298,Alegr°a
315,emborrachar,0,40,50,10,0.562,Alegr°a
316,embriagar,0,40,50,10,0.562,Alegr°a
317,embromar,0,30,60,10,0.595,Alegr°a
318,embrujar,70,20,10,0,0.132,Alegr°a
319,embrujo,70,30,0,0,0.099,Alegr°a
320,emoci¢n,10,0,30,60,0.798,Alegr°a
321,emocionante,0,10,30,60,0.831,Alegr°a
322,emocionar,0,10,30,60,0.831,Alegr°a
323,emotivo,0,10,50,40,0.763,Alegr°a
324,empat°a,20,20,60,0,0.462,Alegr°a
325,emp†tico,30,20,50,0,0.396,Alegr°a
326,empe§o,30,20,50,0,0.396,Alegr°a
327,enaltecer,0,60,30,10,0.496,Alegr°a
328,enamoramiento,0,0,40,60,0.864,Alegr°a
329,enamorar,0,10,30,60,0.831,Alegr°a
330,encalmar,50,40,10,0,0.198,Alegr°a
331,encantado,0,50,50,0,0.495,Alegr°a
332,encantador,0,10,70,20,0.695,Alegr°a
333,encanto,0,40,50,10,0.562,Alegr°a
334,encomiar,20,10,60,10,0.529,Alegr°a
335,endiosar,20,40,40,0,0.396,Alegr°a
336,energ°a,20,20,50,10,0.496,Alegr°a
337,engrandecer,10,40,30,20,0.53,Alegr°a
338,ennoblecer,20,30,40,10,0.463,Alegr°a
339,enorgullecer,0,10,40,50,0.797,Alegr°a
340,enternecimiento,10,40,20,30,0.564,Alegr°a
341,entra§a,70,30,0,0,0.099,Alegr°a
342,entra§able,50,20,20,10,0.298,Alegr°a
343,entrar,50,50,0,0,0.165,Alegr°a
344,entregar,40,50,10,0,0.231,Alegr°a
345,entusiasmado,0,0,40,60,0.864,Alegr°a
346,entusiasmar,0,0,50,50,0.83,Alegr°a
347,entusiasmo,0,0,40,60,0.864,Alegr°a
348,entusiasta,0,0,40,60,0.864,Alegr°a
349,er¢tico,10,30,50,10,0.529,Alegr°a
350,espectacular,20,10,50,20,0.563,Alegr°a
351,esperanza,20,10,70,0,0.495,Alegr°a
352,esperanzado,20,20,50,10,0.496,Alegr°a
353,esplÇndido,0,20,50,30,0.696,Alegr°a
354,estimar,10,10,60,20,0.629,Alegr°a
355,estimulante,10,50,20,20,0.497,Alegr°a
356,estimular,10,40,40,10,0.496,Alegr°a
357,estremecer,0,50,50,0,0.495,Alegr°a
358,estupendo,0,0,40,60,0.864,Alegr°a
359,euforia,10,10,50,30,0.663,Alegr°a
360,euf¢rico,10,10,50,30,0.663,Alegr°a
361,euforizante,10,10,50,30,0.663,Alegr°a
362,exaltar,0,50,30,20,0.563,Alegr°a
363,excelente,0,10,50,40,0.763,Alegr°a
364,excitante,0,0,40,60,0.864,Alegr°a
365,excitar,0,20,30,50,0.764,Alegr°a
366,exhortar,60,30,10,0,0.165,Alegr°a
367,Çxito,0,0,40,60,0.864,Alegr°a
368,expansivo,30,30,40,0,0.363,Alegr°a
369,expectaci¢n,40,40,20,0,0.264,Alegr°a
370,expectativa,20,70,10,0,0.297,Alegr°a
371,explosi¢n,50,40,10,0,0.198,Alegr°a
372,expresi¢n,20,70,10,0,0.297,Alegr°a
373,extasiante,0,0,60,40,0.796,Alegr°a
374,extasiar,0,0,70,30,0.762,Alegr°a
375,extenso,80,10,10,0,0.099,Alegr°a
376,exuberante,20,40,40,0,0.396,Alegr°a
377,exuberantemente,20,50,30,0,0.363,Alegr°a
378,exultar,0,0,60,40,0.796,Alegr°a
379,familiar,10,30,50,10,0.529,Alegr°a
380,familiaridad,0,30,50,20,0.629,Alegr°a
381,fantas°a,10,20,50,20,0.596,Alegr°a
382,fascinaci¢n,0,0,30,70,0.898,Alegr°a
383,fascinado,0,0,30,70,0.898,Alegr°a
384,fascinante,0,0,20,80,0.932,Alegr°a
385,fascinar,10,10,30,50,0.731,Alegr°a
386,fasto,50,30,10,10,0.265,Alegr°a
387,fastuoso,30,30,40,0,0.363,Alegr°a
388,fausto,20,50,30,0,0.363,Alegr°a
389,favor,20,60,20,0,0.33,Alegr°a
390,favorable,0,40,40,20,0.596,Alegr°a
391,favorablemente,0,50,30,20,0.563,Alegr°a
392,favorecedor,0,40,50,10,0.562,Alegr°a
393,favorecimiento,0,40,50,10,0.562,Alegr°a
394,felicidad,0,0,0,100,1,Alegr°a
395,felicitar,0,10,30,60,0.831,Alegr°a
396,feliz,0,0,10,90,0.966,Alegr°a
397,felizmente,0,0,10,90,0.966,Alegr°a
398,feraz,20,60,20,0,0.33,Alegr°a
399,fervor,0,50,20,30,0.597,Alegr°a
400,fervoroso,0,60,10,30,0.564,Alegr°a
401,festivo,0,10,60,30,0.729,Alegr°a
402,fetiche,50,30,10,10,0.265,Alegr°a
403,fibra,100,0,0,0,0,Alegr°a
404,fidelidad,10,60,20,10,0.43,Alegr°a
405,fiebre,70,20,10,0,0.132,Alegr°a
406,fiel,0,70,20,10,0.463,Alegr°a
407,fiesta,0,0,50,50,0.83,Alegr°a
408,fijar,60,40,0,0,0.132,Alegr°a
409,filantropo,20,30,40,10,0.463,Alegr°a
410,final,50,40,10,0,0.198,Alegr°a
411,fino,50,40,10,0,0.198,Alegr°a
412,flechar,30,50,20,0,0.297,Alegr°a
413,florecer,0,30,60,10,0.595,Alegr°a
414,fogosidad,10,10,80,0,0.561,Alegr°a
415,fraternidad,0,30,60,10,0.595,Alegr°a
416,fraternizar,10,30,50,10,0.529,Alegr°a
417,furor,20,20,50,10,0.496,Alegr°a
418,gala,30,50,20,0,0.297,Alegr°a
419,gana,10,50,30,10,0.463,Alegr°a
420,ganar,0,20,30,50,0.764,Alegr°a
421,generosidad,0,20,70,10,0.628,Alegr°a
422,generoso,0,20,70,10,0.628,Alegr°a
423,genial,0,0,40,60,0.864,Alegr°a
424,gloria,0,10,40,50,0.797,Alegr°a
425,gloriar,0,40,50,10,0.562,Alegr°a
426,glorificar,0,50,40,10,0.529,Alegr°a
427,goce,0,10,50,40,0.763,Alegr°a
428,gozar,0,10,30,60,0.831,Alegr°a
429,gozo,0,10,30,60,0.831,Alegr°a
430,gozosamente,0,30,10,60,0.765,Alegr°a
431,gozoso,0,20,20,60,0.798,Alegr°a
432,gracia,10,30,30,30,0.597,Alegr°a
433,gracioso,0,0,50,50,0.83,Alegr°a
434,grande,20,40,40,0,0.396,Alegr°a
435,grandioso,20,20,30,30,0.564,Alegr°a
436,gratificador,0,40,20,40,0.664,Alegr°a
437,gratificante,0,30,30,40,0.697,Alegr°a
438,gratificar,10,40,10,40,0.598,Alegr°a
439,gratis,10,30,40,20,0.563,Alegr°a
440,grato,0,30,40,30,0.663,Alegr°a
441,guasa,10,50,40,0,0.429,Alegr°a
442,gustar,10,20,50,20,0.596,Alegr°a
443,gusto,10,10,60,20,0.629,Alegr°a
444,gustoso,0,0,70,30,0.762,Alegr°a
445,halagar,0,50,30,20,0.563,Alegr°a
446,halagÅe§o,10,60,30,0,0.396,Alegr°a
447,hartar,90,10,0,0,0.033,Alegr°a
448,hechizar,40,50,10,0,0.231,Alegr°a
449,hechizo,40,60,0,0,0.198,Alegr°a
450,hermandad,10,10,80,0,0.561,Alegr°a
451,hilarante,20,0,50,30,0.63,Alegr°a
452,hilarantemente,20,10,40,30,0.597,Alegr°a
453,hilaridad,20,0,40,40,0.664,Alegr°a
454,hipnotizar,50,50,0,0,0.165,Alegr°a
455,holgura,40,50,0,10,0.265,Alegr°a
456,honorable,20,20,40,20,0.53,Alegr°a
457,honrar,10,60,30,0,0.396,Alegr°a
458,honrosamente,0,70,30,0,0.429,Alegr°a
459,hospitalario,10,30,40,20,0.563,Alegr°a
460,hospitalidad,0,30,50,20,0.629,Alegr°a
461,humanidad,30,40,30,0,0.33,Alegr°a
462,humanitarismo,40,40,20,0,0.264,Alegr°a
463,humor,0,20,40,40,0.73,Alegr°a
464,identificar,60,40,0,0,0.132,Alegr°a
465,idilio,20,40,40,0,0.396,Alegr°a
466,ilusionadamente,20,20,60,0,0.462,Alegr°a
467,ilusionar,10,30,60,0,0.495,Alegr°a
468,impactar,20,50,30,0,0.363,Alegr°a
469,°mpetu,10,30,50,10,0.529,Alegr°a
470,impetuosidad,10,50,30,10,0.463,Alegr°a
471,impresionar,30,30,30,10,0.397,Alegr°a
472,impulsar,20,50,30,0,0.363,Alegr°a
473,inclinaci¢n,70,30,0,0,0.099,Alegr°a
474,inmortalizar,50,40,10,0,0.198,Alegr°a
475,inspirar,10,40,30,20,0.53,Alegr°a
476,interÇs,30,40,30,0,0.33,Alegr°a
477,intoxicante,80,20,0,0,0.066,Alegr°a
478,jacarero,10,20,30,40,0.664,Alegr°a
479,jarana,30,50,0,20,0.365,Alegr°a
480,jocoso,10,40,20,30,0.564,Alegr°a
481,jocundo,0,10,50,40,0.763,Alegr°a
482,jovial,10,0,50,40,0.73,Alegr°a
483,j£bilo,0,0,50,50,0.83,Alegr°a
484,jubilosamente,0,20,40,40,0.73,Alegr°a
485,jubiloso,10,10,30,50,0.731,Alegr°a
486,juerga,20,30,20,30,0.531,Alegr°a
487,laudable,10,70,20,0,0.363,Alegr°a
488,leal,20,30,40,10,0.463,Alegr°a
489,lealtad,20,30,40,10,0.463,Alegr°a
490,ledamente,0,30,20,50,0.731,Alegr°a
491,lenificar,50,30,10,10,0.265,Alegr°a
492,lenizar,70,10,10,10,0.199,Alegr°a
493,levantar,50,40,10,0,0.198,Alegr°a
494,libre,0,20,50,30,0.696,Alegr°a
495,lisonjero,0,20,40,40,0.73,Alegr°a
496,llenar,30,40,30,0,0.33,Alegr°a
497,loable,30,40,30,0,0.33,Alegr°a
498,lograr,0,30,40,30,0.663,Alegr°a
499,lucro,50,40,10,0,0.198,Alegr°a
500,macanudo,0,40,60,0,0.528,Alegr°a
501,magia,0,30,70,0,0.561,Alegr°a
502,magnetizar,60,40,0,0,0.132,Alegr°a
503,magnif°co,0,20,20,60,0.798,Alegr°a
504,magno,40,30,10,20,0.365,Alegr°a
505,majo,20,30,50,0,0.429,Alegr°a
506,maravillar,0,10,60,30,0.729,Alegr°a
507,maravillosamente,0,10,60,30,0.729,Alegr°a
508,mejorar,0,50,40,10,0.529,Alegr°a
509,meloso,20,40,40,0,0.396,Alegr°a
510,miramiento,60,10,30,0,0.231,Alegr°a
511,mirar,60,30,10,0,0.165,Alegr°a
512,misericordia,60,20,20,0,0.198,Alegr°a
513,mitigar,50,50,0,0,0.165,Alegr°a
514,mollar,70,30,0,0,0.099,Alegr°a
515,motivar,10,30,30,30,0.597,Alegr°a
516,mover,70,30,0,0,0.099,Alegr°a
517,oferta,70,10,20,0,0.165,Alegr°a
518,opimo,20,40,40,0,0.396,Alegr°a
519,op°paro,20,40,40,0,0.396,Alegr°a
520,orgullo,10,20,50,20,0.596,Alegr°a
521,orgullosamente,0,30,30,40,0.697,Alegr°a
522,orgulloso,30,10,30,30,0.531,Alegr°a
523,ovaci¢n,0,0,60,40,0.796,Alegr°a
524,ovacionar,10,10,50,30,0.663,Alegr°a
525,pacificar,40,40,0,20,0.332,Alegr°a
526,paladear,10,80,10,0,0.33,Alegr°a
527,palmas,10,40,40,10,0.496,Alegr°a
528,parranda,0,20,70,10,0.628,Alegr°a
529,pasi¢n,0,10,50,40,0.763,Alegr°a
530,paz,0,40,30,30,0.63,Alegr°a
531,piadoso,30,30,40,0,0.363,Alegr°a
532,piedad,50,10,40,0,0.297,Alegr°a
533,placentero,0,0,60,40,0.796,Alegr°a
534,placer,0,0,40,60,0.864,Alegr°a
535,pleites°a,60,30,0,10,0.199,Alegr°a
536,preferencia,20,50,20,10,0.397,Alegr°a
537,prerrogativa,40,50,10,0,0.231,Alegr°a
538,preservar,60,30,10,0,0.165,Alegr°a
539,presumir,40,40,20,0,0.264,Alegr°a
540,prever,50,20,30,0,0.264,Alegr°a
541,privilegio,10,50,30,10,0.463,Alegr°a
542,probar,50,40,10,0,0.198,Alegr°a
543,profusi¢n,50,40,10,0,0.198,Alegr°a
544,propiciar,50,20,30,0,0.264,Alegr°a
545,propicio,20,60,20,0,0.33,Alegr°a
546,pr¢spero,0,0,70,30,0.762,Alegr°a
547,protectoramente,50,30,20,0,0.231,Alegr°a
548,proteger,50,30,20,0,0.231,Alegr°a
549,provecho,10,50,30,10,0.463,Alegr°a
550,provechoso,20,20,40,20,0.53,Alegr°a
551,providencial,40,50,10,0,0.231,Alegr°a
552,pujanza,60,30,10,0,0.165,Alegr°a
553,querer,10,20,40,30,0.63,Alegr°a
554,quietud,50,40,10,0,0.198,Alegr°a
555,quillotrar,20,50,30,0,0.363,Alegr°a
556,radiante,20,20,40,20,0.53,Alegr°a
557,ratificar,60,40,0,0,0.132,Alegr°a
558,realizaci¢n,30,40,20,10,0.364,Alegr°a
559,realizar,50,30,20,0,0.231,Alegr°a
560,recoger,70,20,10,0,0.132,Alegr°a
561,recogimiento,70,20,10,0,0.132,Alegr°a
562,recomendar,40,30,30,0,0.297,Alegr°a
563,recompensa,10,10,60,20,0.629,Alegr°a
564,reconfortante,0,10,40,50,0.797,Alegr°a
565,reconfortar,0,20,50,30,0.696,Alegr°a
566,recrear,20,30,30,20,0.497,Alegr°a
567,refocilar,10,30,40,20,0.563,Alegr°a
568,regalo,0,20,30,50,0.764,Alegr°a
569,regocijadamente,0,10,50,40,0.763,Alegr°a
570,regocijar,0,20,50,30,0.696,Alegr°a
571,regocijo,0,20,30,50,0.764,Alegr°a
572,regodear,10,60,20,10,0.43,Alegr°a
573,regodeo,10,70,20,0,0.363,Alegr°a
574,reidor,10,0,30,60,0.798,Alegr°a
575,relamer,20,40,40,0,0.396,Alegr°a
576,reparaci¢n,60,20,20,0,0.198,Alegr°a
577,reproducir,30,60,10,0,0.264,Alegr°a
578,respetar,20,30,20,30,0.531,Alegr°a
579,respeto,20,30,30,20,0.497,Alegr°a
580,respetuoso,20,30,20,30,0.531,Alegr°a
581,resplandecer,10,40,10,40,0.598,Alegr°a
582,reverencia,30,40,20,10,0.364,Alegr°a
583,risa,0,0,20,80,0.932,Alegr°a
584,risue§o,0,0,20,80,0.932,Alegr°a
585,rom†ntico,0,40,30,30,0.63,Alegr°a
586,saber,40,30,30,0,0.297,Alegr°a
587,saborear,10,60,20,10,0.43,Alegr°a
588,saciar,20,40,20,20,0.464,Alegr°a
589,saciedad,20,40,20,20,0.464,Alegr°a
590,sandunga,0,30,50,20,0.629,Alegr°a
591,satisfacci¢n,0,0,40,60,0.864,Alegr°a
592,satisfacer,0,0,50,50,0.83,Alegr°a
593,satisfacible,0,10,50,40,0.763,Alegr°a
594,satisfactoriamente,0,10,30,60,0.831,Alegr°a
595,satisfactorio,0,10,30,60,0.831,Alegr°a
596,satisfecho,0,0,40,60,0.864,Alegr°a
597,seducci¢n,0,50,40,10,0.529,Alegr°a
598,seducir,10,40,40,10,0.496,Alegr°a
599,seductivo,0,40,40,20,0.596,Alegr°a
600,seguro,30,30,10,30,0.465,Alegr°a
601,selecto,20,60,10,10,0.364,Alegr°a
602,serenar,50,30,20,0,0.231,Alegr°a
603,sereno,60,20,20,0,0.198,Alegr°a
604,simpat°a,0,10,40,50,0.797,Alegr°a
605,simp†tico,0,0,50,50,0.83,Alegr°a
606,simpatizar,0,0,50,50,0.83,Alegr°a
607,sincero,20,50,20,10,0.397,Alegr°a
608,soberbio,60,30,10,0,0.165,Alegr°a
609,sociable,10,40,30,20,0.53,Alegr°a
610,solaz,50,40,10,0,0.198,Alegr°a
611,solazar,30,60,10,0,0.264,Alegr°a
612,solidaridad,30,20,30,20,0.464,Alegr°a
613,sonriente,0,0,10,90,0.966,Alegr°a
614,sortilegio,40,40,20,0,0.264,Alegr°a
615,sosegar,40,40,20,0,0.264,Alegr°a
616,suave,50,30,20,0,0.231,Alegr°a
617,suavidad,50,30,20,0,0.231,Alegr°a
618,subyugar,70,30,0,0,0.099,Alegr°a
619,superabundancia,10,40,20,30,0.564,Alegr°a
620,superabundante,0,40,30,30,0.63,Alegr°a
621,suspender,70,30,0,0,0.099,Alegr°a
622,terneza,30,30,30,10,0.397,Alegr°a
623,ternura,10,30,50,10,0.529,Alegr°a
624,tes¢n,70,20,10,0,0.132,Alegr°a
625,tiernamente,10,40,30,20,0.53,Alegr°a
626,tierno,10,40,30,20,0.53,Alegr°a
627,tranquilizar,30,40,20,10,0.364,Alegr°a
628,tranquilo,30,30,30,10,0.397,Alegr°a
629,transportar,60,30,0,10,0.199,Alegr°a
630,tratable,30,50,20,0,0.297,Alegr°a
631,triunfador,0,0,60,40,0.796,Alegr°a
632,triunfal,0,0,60,40,0.796,Alegr°a
633,triunfalmente,0,0,80,20,0.728,Alegr°a
634,triunfante,0,0,60,40,0.796,Alegr°a
635,triunfantemente,0,0,60,40,0.796,Alegr°a
636,triunfar,0,0,50,50,0.83,Alegr°a
637,triunfo,0,0,40,60,0.864,Alegr°a
638,tuitivo,30,60,0,10,0.298,Alegr°a
639,ubÇrrimo,60,30,10,0,0.165,Alegr°a
640,ufanamente,70,20,10,0,0.132,Alegr°a
641,ufan°a,70,30,0,0,0.099,Alegr°a
642,ufano,60,40,0,0,0.132,Alegr°a
643,ultimar,60,30,10,0,0.165,Alegr°a
644,unci¢n,50,30,20,0,0.231,Alegr°a
645,uni¢n,30,50,20,0,0.297,Alegr°a
646,£til,10,50,40,0,0.429,Alegr°a
647,val°a,20,40,30,10,0.43,Alegr°a
648,valimiento,40,30,20,10,0.331,Alegr°a
649,valorar,0,70,10,20,0.497,Alegr°a
650,vehemencia,40,30,20,10,0.331,Alegr°a
651,vehemente,40,30,20,10,0.331,Alegr°a
652,vencedor,0,20,50,30,0.696,Alegr°a
653,veneraci¢n,10,40,40,10,0.496,Alegr°a
654,venerar,10,50,30,10,0.463,Alegr°a
655,ventajosamente,30,50,20,0,0.297,Alegr°a
656,ventajoso,20,60,20,0,0.33,Alegr°a
657,venturosamente,20,20,40,20,0.53,Alegr°a
658,venturoso,10,20,40,30,0.63,Alegr°a
659,victorear,10,30,40,20,0.563,Alegr°a
660,victoria,0,10,50,40,0.763,Alegr°a
661,victorioso,0,10,40,50,0.797,Alegr°a
662,vigor,0,70,10,20,0.497,Alegr°a
663,v°tor,40,30,30,0,0.297,Alegr°a
664,vitorear,40,30,30,0,0.297,Alegr°a
665,vivaz,10,30,40,20,0.563,Alegr°a
666,viveza,0,30,50,20,0.629,Alegr°a
667,vivificar,10,30,40,20,0.563,Alegr°a
668,vivir,10,20,40,30,0.63,Alegr°a
669,abominable,10,40,30,20,0.53,Enojo
670,abominaci¢n,10,60,10,20,0.464,Enojo
671,abominar,0,20,50,30,0.696,Enojo
672,aborrecer,10,0,30,60,0.798,Enojo
673,aborrecible,0,10,60,30,0.729,Enojo
674,aborreciblemente,10,10,60,20,0.629,Enojo
675,aborrecimiento,0,30,40,30,0.663,Enojo
676,abusar,20,30,40,10,0.463,Enojo
677,acometedor,10,50,30,10,0.463,Enojo
678,acometer,10,50,20,20,0.497,Enojo
679,acometiente,20,40,20,20,0.464,Enojo
680,acometimiento,20,50,10,20,0.431,Enojo
681,acometividad,20,50,20,10,0.397,Enojo
682,acosar,40,10,20,30,0.465,Enojo
683,acribillar,30,0,10,60,0.666,Enojo
684,acrimonia,30,30,40,0,0.363,Enojo
685,acritud,20,60,20,0,0.33,Enojo
686,adversario,10,70,20,0,0.363,Enojo
687,aferrar,40,50,0,10,0.265,Enojo
688,afrenta,10,40,30,20,0.53,Enojo
689,agarrar,40,50,10,0,0.231,Enojo
690,agobiar,40,30,30,0,0.297,Enojo
691,agobio,40,50,10,0,0.231,Enojo
692,agravamiento,20,50,20,10,0.397,Enojo
693,agravante,20,30,40,10,0.463,Enojo
694,agravar,20,40,30,10,0.43,Enojo
695,agraviar,20,10,40,30,0.597,Enojo
696,agravio,30,20,40,10,0.43,Enojo
697,agresividad,0,10,30,60,0.831,Enojo
698,agresivo,0,10,20,70,0.865,Enojo
699,agresor,0,0,50,50,0.83,Enojo
700,agriado,10,50,20,20,0.497,Enojo
701,airadamente,0,40,40,20,0.596,Enojo
702,airamiento,0,50,30,20,0.563,Enojo
703,airar,0,30,40,30,0.663,Enojo
704,alevos°a,20,40,40,0,0.396,Enojo
705,altivez,40,40,20,0,0.264,Enojo
706,altivo,40,20,40,0,0.33,Enojo
707,amargar,20,50,30,0,0.363,Enojo
708,amargo,60,30,10,0,0.165,Enojo
709,amargor,70,20,10,0,0.132,Enojo
710,amohinar,30,10,10,50,0.599,Enojo
711,amoscamiento,30,30,30,10,0.397,Enojo
712,animadversi¢n,30,10,40,20,0.497,Enojo
713,†nimo,80,10,10,0,0.099,Enojo
714,animosidad,60,40,0,0,0.132,Enojo
715,antag¢nico,60,30,0,10,0.199,Enojo
717,antagonismo,40,20,30,10,0.364,Enojo
718,antipat°a,0,20,60,20,0.662,Enojo
719,antip†tico,0,10,70,20,0.695,Enojo
720,apesadumbrar,10,30,60,0,0.495,Enojo
721,arrebatamiento,10,20,40,30,0.63,Enojo
722,arrebato,10,50,20,20,0.497,Enojo
724,arrojar,10,40,40,10,0.496,Enojo
725,asar,70,10,20,0,0.165,Enojo
726,asediar,40,20,30,10,0.364,Enojo
727,aspereza,40,40,10,10,0.298,Enojo
728,asurar,50,0,30,20,0.398,Enojo
729,atacar,10,0,20,70,0.832,Enojo
731,ataque,0,10,10,80,0.899,Enojo
732,atizar,30,30,10,30,0.465,Enojo
733,atormentar,10,20,30,40,0.664,Enojo
734,atosigar,10,30,40,20,0.563,Enojo
735,atrabiliario,10,20,30,40,0.664,Enojo
737,atrocidad,40,30,20,10,0.331,Enojo
738,atropellar,40,20,20,20,0.398,Enojo
739,atropello,40,10,40,10,0.397,Enojo
740,atroz,10,10,40,40,0.697,Enojo
741,atufar,40,20,20,20,0.398,Enojo
742,azuzar,40,40,20,0,0.264,Enojo
743,baquetear,40,30,10,20,0.365,Enojo
744,barbaridad,20,60,10,10,0.364,Enojo
745,batallar,20,30,40,10,0.463,Enojo
746,belicosidad,20,20,40,20,0.53,Enojo
747,belicoso,20,20,40,20,0.53,Enojo
748,beligerante,20,40,40,0,0.396,Enojo
749,berrinche,10,10,60,20,0.629,Enojo
750,bilis,30,20,10,40,0.532,Enojo
751,bochinche,30,30,40,0,0.363,Enojo
752,bravo,10,30,40,20,0.563,Enojo
753,bufar,20,40,0,40,0.532,Enojo
754,cabrear,20,10,40,30,0.597,Enojo
755,cargoso,20,50,30,0,0.363,Enojo
756,celos,10,20,40,30,0.63,Enojo
757,chalar,60,20,10,10,0.232,Enojo
758,chinche,30,20,50,0,0.396,Enojo
759,cinismo,50,20,20,10,0.298,Enojo
760,ciza§ar,30,10,50,10,0.463,Enojo
761,cocol°a,0,60,20,20,0.53,Enojo
762,c¢lera,10,0,50,40,0.73,Enojo
763,colÇricamente,0,0,50,50,0.83,Enojo
764,colÇrico,0,0,70,30,0.762,Enojo
765,concitar,20,50,30,0,0.363,Enojo
766,contrariar,10,50,30,10,0.463,Enojo
767,contrariedad,40,30,20,10,0.331,Enojo
768,convulsi¢n,50,40,10,0,0.198,Enojo
769,coraje,0,10,10,80,0.899,Enojo
770,corajudo,0,10,30,60,0.831,Enojo
771,corroer,30,50,20,0,0.297,Enojo
772,crispar,30,20,40,10,0.43,Enojo
773,crucificar,50,40,10,0,0.198,Enojo
774,cuenta,100,0,0,0,0,Enojo
775,decepci¢n,40,20,40,0,0.33,Enojo
776,decepcionar,50,10,40,0,0.297,Enojo
777,delicado,80,20,0,0,0.066,Enojo
778,demente,30,40,20,10,0.364,Enojo
779,demonio,20,30,30,20,0.497,Enojo
780,denigrar,10,40,40,10,0.496,Enojo
781,desaforo,70,20,10,0,0.132,Enojo
782,desagradable,10,40,30,20,0.53,Enojo
783,desagradar,0,20,70,10,0.628,Enojo
784,desagrado,0,30,60,10,0.595,Enojo
785,desairar,20,20,40,20,0.53,Enojo
786,desaire,20,20,40,20,0.53,Enojo
787,desaprobar,10,50,30,10,0.463,Enojo
788,desaz¢n,50,30,20,0,0.231,Enojo
789,descaro,10,30,40,20,0.563,Enojo
790,descontentar,0,40,50,10,0.562,Enojo
791,descontento,0,30,50,20,0.629,Enojo
792,desdÇn,20,30,40,10,0.463,Enojo
793,desde§ar,30,30,30,10,0.397,Enojo
794,deseable,80,10,10,0,0.099,Enojo
795,desear,90,10,0,0,0.033,Enojo
796,desesperante,10,40,40,10,0.496,Enojo
797,desm†n,0,50,40,10,0.529,Enojo
798,desorden,10,40,40,10,0.496,Enojo
799,despecho,0,20,60,20,0.662,Enojo
800,desplacer,10,10,70,10,0.595,Enojo
801,despreciar,0,20,50,30,0.696,Enojo
802,desprecio,0,20,50,30,0.696,Enojo
803,desquiciante,0,0,50,50,0.83,Enojo
804,desquiciar,0,0,30,70,0.898,Enojo
805,destemplar,30,30,30,10,0.397,Enojo
806,desvar°o,40,50,10,0,0.231,Enojo
807,detestable,0,20,40,40,0.73,Enojo
808,detestablemente,0,20,60,20,0.662,Enojo
809,detestaci¢n,0,30,60,10,0.595,Enojo
810,detestar,0,30,40,30,0.663,Enojo
811,diantre,30,40,0,30,0.432,Enojo
812,discordia,0,40,50,10,0.562,Enojo
813,discrepancia,10,80,10,0,0.33,Enojo
814,disgustar,0,10,60,30,0.729,Enojo
815,disgusto,0,0,70,30,0.762,Enojo
816,displacer,20,30,40,10,0.463,Enojo
817,disputa,0,10,50,40,0.763,Enojo
818,doloso,30,30,30,10,0.397,Enojo
819,embestir,20,20,30,30,0.564,Enojo
820,embravecer,10,10,30,50,0.731,Enojo
821,emperrarse,10,0,40,50,0.764,Enojo
822,emponzo§ar,20,10,20,50,0.665,Enojo
823,enajenaci¢n,30,30,30,10,0.397,Enojo
824,enajenar,30,40,30,0,0.33,Enojo
825,encabritar,0,0,50,50,0.83,Enojo
826,encalabrinar,0,50,30,20,0.563,Enojo
827,encocorar,10,20,30,40,0.664,Enojo
828,encolerizar,0,0,50,50,0.83,Enojo
829,enconar,50,10,30,10,0.331,Enojo
830,encono,50,20,20,10,0.298,Enojo
831,encorajinar,0,10,30,60,0.831,Enojo
832,endemoniar,0,0,50,50,0.83,Enojo
833,enemigo,0,0,50,50,0.83,Enojo
834,enemistad,0,10,30,60,0.831,Enojo
835,enemistoso,0,10,40,50,0.797,Enojo
836,enÇrgico,20,50,10,20,0.431,Enojo
837,enfadado,0,0,20,80,0.932,Enojo
838,enfadar,0,0,30,70,0.898,Enojo
839,enfado,0,0,30,70,0.898,Enojo
840,enfadoso,0,0,40,60,0.864,Enojo
841,enfierecido,0,0,40,60,0.864,Enojo
842,enfurecer,0,0,20,80,0.932,Enojo
843,enfurecimiento,0,0,40,60,0.864,Enojo
844,enfurru§amiento,0,20,50,30,0.696,Enojo
845,enganza,10,20,50,20,0.596,Enojo
846,engativamente,20,10,50,20,0.563,Enojo
847,engorro,30,60,10,0,0.264,Enojo
848,engorroso,40,40,20,0,0.264,Enojo
849,enloquecedor,10,50,30,10,0.463,Enojo
850,enloquecer,10,50,30,10,0.463,Enojo
851,enloquecimiento,10,60,20,10,0.43,Enojo
852,enojadizo,0,0,40,60,0.864,Enojo
853,enojado,0,0,10,90,0.966,Enojo
854,enojamiento,0,0,30,70,0.898,Enojo
855,enojar,0,0,10,90,0.966,Enojo
856,enojo,0,0,10,90,0.966,Enojo
857,enojosamente,0,0,20,80,0.932,Enojo
858,enojoso,0,0,20,80,0.932,Enojo
859,enrabiar,0,0,10,90,0.966,Enojo
860,enrabietar,0,0,20,80,0.932,Enojo
861,ensa§amiento,10,20,50,20,0.596,Enojo
862,ensa§ar,10,20,50,20,0.596,Enojo
863,entuerto,50,20,20,10,0.298,Enojo
864,envenenar,20,60,10,10,0.364,Enojo
865,envidia,10,40,40,10,0.496,Enojo
866,envidioso,10,40,50,0,0.462,Enojo
867,escandalizar,40,30,30,0,0.297,Enojo
868,esc†ndalo,50,40,10,0,0.198,Enojo
869,estafar,20,40,30,10,0.43,Enojo
870,estorbar,40,30,20,10,0.331,Enojo
871,estorbo,40,30,20,10,0.331,Enojo
872,estropear,20,20,40,20,0.53,Enojo
873,exabrupto,0,30,40,30,0.663,Enojo
874,exacerbaci¢n,0,10,60,30,0.729,Enojo
875,exacerbante,0,10,60,30,0.729,Enojo
876,exacerbar,0,20,40,40,0.73,Enojo
877,exagerar,30,40,30,0,0.33,Enojo
878,exasperaci¢n,10,20,40,30,0.63,Enojo
879,exasperante,0,20,50,30,0.696,Enojo
880,exasperar,0,20,50,30,0.696,Enojo
881,excandecencia,0,30,20,50,0.731,Enojo
882,exceso,40,60,0,0,0.198,Enojo
883,excitar,60,10,20,10,0.265,Enojo
884,execrar,50,30,0,20,0.299,Enojo
885,fastidiado,0,10,60,30,0.729,Enojo
886,fastidiante,0,10,60,30,0.729,Enojo
887,fastidiar,0,0,60,40,0.796,Enojo
888,fastidio,0,0,70,30,0.762,Enojo
889,fastidioso,0,0,70,30,0.762,Enojo
890,feo,60,30,10,0,0.165,Enojo
891,fiera,20,20,40,20,0.53,Enojo
892,fracaso,30,20,40,10,0.43,Enojo
893,frenÇtico,20,20,50,10,0.496,Enojo
894,fruncir,20,20,50,10,0.496,Enojo
895,furia,0,20,0,80,0.866,Enojo
896,furibundamente,0,10,30,60,0.831,Enojo
897,furibundo,0,10,30,60,0.831,Enojo
898,furiosamente,0,10,0,90,0.933,Enojo
899,furioso,10,10,0,80,0.833,Enojo
900,furor,30,20,0,50,0.566,Enojo
901,fustigar,30,30,30,10,0.397,Enojo
902,genio,30,20,40,10,0.43,Enojo
903,grima,30,30,10,30,0.465,Enojo
904,gru§¢n,0,10,50,40,0.763,Enojo
905,guerra,0,20,10,70,0.832,Enojo
906,hartar,0,0,30,70,0.898,Enojo
907,hastiar,10,10,60,20,0.629,Enojo
908,hastioso,10,10,60,20,0.629,Enojo
909,hiel,0,30,60,10,0.595,Enojo
910,hostigador,10,30,40,20,0.563,Enojo
912,hostigar,10,40,30,20,0.53,Enojo
913,hostil,20,20,30,30,0.564,Enojo
914,hostilidad,20,20,30,30,0.564,Enojo
915,hostilizar,20,20,30,30,0.564,Enojo
916,humor,60,10,20,10,0.265,Enojo
917,impacientar,0,50,40,10,0.529,Enojo
918,importunar,20,20,50,10,0.496,Enojo
919,importuno,20,20,60,0,0.462,Enojo
920,improperio,20,30,50,0,0.429,Enojo
921,inaguantable,0,50,30,20,0.563,Enojo
922,incomodar,0,50,40,10,0.529,Enojo
923,incomodidad,10,50,30,10,0.463,Enojo
924,incontrol,20,50,30,0,0.363,Enojo
925,incordiar,20,30,20,30,0.531,Enojo
926,incordio,20,30,20,30,0.531,Enojo
927,indignaci¢n,20,10,50,20,0.563,Enojo
928,indignado,20,10,40,30,0.597,Enojo
929,indignante,20,10,40,30,0.597,Enojo
930,indignar,20,10,40,30,0.597,Enojo
931,infamar,30,20,40,10,0.43,Enojo
932,inicuo,30,40,20,10,0.364,Enojo
933,injuriar,10,30,40,20,0.563,Enojo
934,inquina,20,30,40,10,0.463,Enojo
935,insatisfecho,10,40,50,0,0.462,Enojo
936,insidia,30,20,40,10,0.43,Enojo
937,insultar,10,0,20,70,0.832,Enojo
938,insulto,10,0,30,60,0.798,Enojo
939,intratable,10,0,60,30,0.696,Enojo
940,ira,0,0,10,90,0.966,Enojo
941,iracundia,0,30,30,40,0.697,Enojo
942,iracundo,0,10,40,50,0.797,Enojo
944,irascible,10,10,30,50,0.731,Enojo
945,irritabilidad,0,0,40,60,0.864,Enojo
946,irritable,0,0,30,70,0.898,Enojo
947,irritaci¢n,0,0,60,40,0.796,Enojo
948,irritado,0,0,50,50,0.83,Enojo
949,irritante,0,0,50,50,0.83,Enojo
950,irritar,0,0,60,40,0.796,Enojo
951,jaqueca,10,20,70,0,0.528,Enojo
952,jorobar,10,10,40,40,0.697,Enojo
953,latoso,0,40,30,30,0.63,Enojo
954,loco,10,60,30,0,0.396,Enojo
955,lrascible,20,30,40,10,0.463,Enojo
956,majadero,20,0,50,30,0.63,Enojo
957,mal ,20,20,40,20,0.53,Enojo
958,maldici¢n,10,20,30,40,0.664,Enojo
959,maldito,20,10,20,50,0.665,Enojo
960,malÇvolo,0,30,60,10,0.595,Enojo
961,malhumor,0,20,30,50,0.764,Enojo
962,malhumorado,0,10,40,50,0.797,Enojo
963,malicia,0,30,60,10,0.595,Enojo
964,maliciar,0,40,50,10,0.562,Enojo
965,malignidad,10,40,50,0,0.462,Enojo
966,maligno,10,20,70,0,0.528,Enojo
967,malo,0,30,70,0,0.561,Enojo
968,malpensado,40,20,40,0,0.33,Enojo
969,malquerencia,30,20,50,0,0.396,Enojo
970,malvadamente,10,30,60,0,0.495,Enojo
971,malvado,0,30,60,10,0.595,Enojo
972,man°a,60,10,30,0,0.231,Enojo
973,martirio,50,20,20,10,0.298,Enojo
974,martirizar,30,30,30,10,0.397,Enojo
975,misone°smo,70,30,0,0,0.099,Enojo
976,moh°no,30,20,20,30,0.498,Enojo
977,molestar,10,0,60,30,0.696,Enojo
978,molesto,10,0,60,30,0.696,Enojo
979,molestoso,10,0,60,30,0.696,Enojo
980,mortificar,30,30,30,10,0.397,Enojo
981,mosconear,50,20,10,20,0.332,Enojo
982,nervioso,50,50,0,0,0.165,Enojo
983,obstaculizar,50,30,20,0,0.231,Enojo
984,odiar,0,0,20,80,0.932,Enojo
985,odio,0,0,20,80,0.932,Enojo
986,ofensa,0,20,30,50,0.764,Enojo
987,ofensividad,0,10,60,30,0.729,Enojo
988,ofensivo,0,20,50,30,0.696,Enojo
989,ojeriza,30,10,60,0,0.429,Enojo
990,opresi¢n,10,60,30,0,0.396,Enojo
991,pelea,0,20,40,40,0.73,Enojo
992,pendenciar,30,10,50,10,0.463,Enojo
993,pendenciero,30,10,50,10,0.463,Enojo
994,pernicioso,30,20,50,0,0.396,Enojo
995,perseguir,30,60,10,0,0.264,Enojo
996,pesado,50,20,30,0,0.264,Enojo
997,pestilente,50,30,10,10,0.265,Enojo
998,picar,70,20,10,0,0.132,Enojo
999,pique,20,30,50,0,0.429,Enojo
1000,prender,50,30,20,0,0.231,Enojo
1001,provocaci¢n,0,30,70,0,0.561,Enojo
1002,provocar,0,40,60,0,0.528,Enojo
1003,puchero,40,50,10,0,0.231,Enojo
1004,pugna,60,20,20,0,0.198,Enojo
1005,pugnante,60,30,10,0,0.165,Enojo
1006,punzar,50,50,0,0,0.165,Enojo
1007,quejar,10,10,80,0,0.561,Enojo
1008,querellar,10,30,50,10,0.529,Enojo
1009,quicio,10,20,50,20,0.596,Enojo
1010,rabia,0,0,30,70,0.898,Enojo
1011,rabiosamente,0,0,40,60,0.864,Enojo
1012,rabioso,0,10,40,50,0.797,Enojo
1013,rega§adientes,0,0,80,20,0.728,Enojo
1014,rega§o,0,10,60,30,0.729,Enojo
1015,rencilloso,20,20,50,10,0.496,Enojo
1016,rencor,0,20,30,50,0.764,Enojo
1017,rencorosamente,0,20,40,40,0.73,Enojo
1018,rencoroso,0,20,30,50,0.764,Enojo
1019,repudiar,0,0,30,70,0.898,Enojo
1020,repugnancia,10,10,20,60,0.765,Enojo
1021,repugnar,0,20,20,60,0.798,Enojo
1022,resentido,0,30,20,50,0.731,Enojo
1023,resentimiento,0,30,20,50,0.731,Enojo
1024,resentir,0,40,10,50,0.698,Enojo
1025,respingar,10,60,30,0,0.396,Enojo
1026,resquemor,50,20,20,10,0.298,Enojo
1027,retar,20,40,40,0,0.396,Enojo
1028,revancha,30,40,30,0,0.33,Enojo
1029,ri§a,0,20,30,50,0.764,Enojo
1030,rivalidad,0,30,60,10,0.595,Enojo
1031,sa§a,0,10,50,40,0.763,Enojo
1032,sa§oso,10,10,60,20,0.629,Enojo
1033,suplicio,50,20,20,10,0.298,Enojo
1034,tenso,40,40,20,0,0.264,Enojo
1035,tirria,30,10,50,10,0.463,Enojo
1036,torear,40,30,30,0,0.297,Enojo
1037,tormento,40,30,10,20,0.365,Enojo
1038,tropel°a,30,50,20,0,0.297,Enojo
1039,ultrajar,0,30,60,10,0.595,Enojo
1040,ultraje,0,40,40,20,0.596,Enojo
1041,vejaci¢n,0,50,40,10,0.529,Enojo
1042,vejar,10,40,20,30,0.564,Enojo
1043,venganza,0,0,40,60,0.864,Enojo
1044,vengar,0,0,40,60,0.864,Enojo
1045,vengativo,0,0,40,60,0.864,Enojo
1046,vesania,10,20,20,50,0.698,Enojo
1047,ves†nico,20,10,20,50,0.665,Enojo
1048,vilipendiar,10,30,50,10,0.529,Enojo
1049,vilipendio,20,20,50,10,0.496,Enojo
1050,vinagre,70,10,20,0,0.165,Enojo
1051,violencia,0,0,20,80,0.932,Enojo
1052,violento,0,0,20,80,0.932,Enojo
1053,viperino,70,20,10,0,0.132,Enojo
1054,vituperio,40,40,20,0,0.264,Enojo
1055,voraz,40,50,10,0,0.231,Enojo
1056,zaherir,30,20,50,0,0.396,Enojo
1057,abominable,0,10,40,50,0.797,Miedo
1058,accidente,0,20,50,30,0.696,Miedo
1059,acobardar,0,10,20,70,0.865,Miedo
1060,acomplejado,0,50,20,30,0.597,Miedo
1061,acoquinamiento,10,40,10,40,0.598,Miedo
1062,acoquinar,0,10,30,60,0.831,Miedo
1063,agÅero,40,30,30,0,0.297,Miedo
1064,ahuyentar,0,20,50,30,0.696,Miedo
1065,alarma,0,40,40,20,0.596,Miedo
1066,alarmado,0,10,70,20,0.695,Miedo
1067,alarmante,0,30,60,10,0.595,Miedo
1068,alarmar,0,40,30,30,0.63,Miedo
1069,alertar,10,40,30,20,0.53,Miedo
1070,alma,80,20,0,0,0.066,Miedo
1071,amedentrar,0,0,30,70,0.898,Miedo
1072,amedrentador,0,10,30,60,0.831,Miedo
1073,amedrentamiento,0,10,30,60,0.831,Miedo
1074,amenazar,0,10,20,70,0.865,Miedo
1075,amilanar,0,10,30,60,0.831,Miedo
1076,angustia,0,10,40,50,0.797,Miedo
1077,angustiado,0,10,30,60,0.831,Miedo
1078,angustiosamente,0,10,30,60,0.831,Miedo
1079,ansioso,40,40,20,0,0.264,Miedo
1080,aprensi¢n,30,30,30,10,0.397,Miedo
1081,aprensivo,30,40,20,10,0.364,Miedo
1082,ara§a ,20,30,40,10,0.463,Miedo
1083,arredrar,20,30,40,10,0.463,Miedo
1084,asesinar,0,20,40,40,0.73,Miedo
1085,asustadizo,0,0,40,60,0.864,Miedo
1086,asustar,0,0,40,60,0.864,Miedo
1087,atemorizado,0,0,20,80,0.932,Miedo
1088,atemorizante,0,0,20,80,0.932,Miedo
1089,atemorizar,0,0,20,80,0.932,Miedo
1090,atento,80,10,10,0,0.099,Miedo
1091,aterrado,0,0,10,90,0.966,Miedo
1092,aterrador,0,0,0,100,1,Miedo
1093,aterradoramente,0,0,0,100,1,Miedo
1094,aterrar,0,0,0,100,1,Miedo
1095,aterrorizador,0,0,10,90,0.966,Miedo
1096,aterrorizar,0,0,10,90,0.966,Miedo
1097,atroz,0,20,50,30,0.696,Miedo
1098,avergonzado,40,30,30,0,0.297,Miedo
1099,avergonzar,30,40,30,0,0.33,Miedo
1100,azoramiento,10,30,50,10,0.529,Miedo
1101,azorar,0,20,50,30,0.696,Miedo
1102,barbarie,10,50,30,10,0.463,Miedo
1103,bruja,0,50,50,0,0.495,Miedo
1104,brujo,0,50,50,0,0.495,Miedo
1105,cadaver,0,30,30,40,0.697,Miedo
1106,calaca,10,40,50,0,0.462,Miedo
1107,calamidad,10,60,30,0,0.396,Miedo
1108,calamitoso,20,50,30,0,0.363,Miedo
1109,calofr°o,10,50,30,10,0.463,Miedo
1110,cohibici¢n,20,30,40,10,0.463,Miedo
1111,cohibidamente,20,40,30,10,0.43,Miedo
1112,cohibir,10,40,40,10,0.496,Miedo
1113,confuso,70,30,0,0,0.099,Miedo
1114,conminar,20,10,60,10,0.529,Miedo
1115,convulsi¢n,30,40,30,0,0.33,Miedo
1116,cortar,30,50,20,0,0.297,Miedo
1117,cortedad,60,30,10,0,0.165,Miedo
1118,cruento,20,60,20,0,0.33,Miedo
1119,demonio,0,40,30,30,0.63,Miedo
1120,desesperado,30,40,30,0,0.33,Miedo
1121,desfallecer,30,40,20,10,0.364,Miedo
1122,desfallecimiento,20,40,30,10,0.43,Miedo
1123,desgracia,0,30,50,20,0.629,Miedo
1124,desmayar,10,70,20,0,0.363,Miedo
1125,desorientado,60,40,0,0,0.132,Miedo
1126,despavorir,0,0,40,60,0.864,Miedo
1127,despeluznante,0,10,30,60,0.831,Miedo
1128,despeluznar,0,20,50,30,0.696,Miedo
1129,despiadadamente,0,30,40,30,0.663,Miedo
1130,despiadado,0,30,40,30,0.663,Miedo
1131,diablo,0,40,20,40,0.664,Miedo
1132,encoger,40,30,0,30,0.399,Miedo
1133,enfriar,80,20,0,0,0.066,Miedo
1134,escalofr°o,0,20,40,40,0.73,Miedo
1135,espantable,0,10,30,60,0.831,Miedo
1136,espantadizo,0,10,10,80,0.899,Miedo
1137,espantar,0,10,10,80,0.899,Miedo
1138,espanto,0,10,10,80,0.899,Miedo
1139,espantoso,0,10,10,80,0.899,Miedo
1140,espeluznante,0,0,20,80,0.932,Miedo
1141,espeluznar,0,0,20,80,0.932,Miedo
1142,esperpento,10,30,50,10,0.529,Miedo
1143,espiritu,50,30,20,0,0.231,Miedo
1144,estremecer,0,20,70,10,0.628,Miedo
1145,execrable,20,30,50,0,0.429,Miedo
1146,exorcismo,0,30,50,20,0.629,Miedo
1147,fantasma,10,20,50,20,0.596,Miedo
1148,fealdad,10,60,30,0,0.396,Miedo
1149,feo,20,70,10,0,0.297,Miedo
1150,fobia,0,0,20,80,0.932,Miedo
1151,fr°o,70,30,0,0,0.099,Miedo
1152,friolero,70,30,0,0,0.099,Miedo
1153,gallina,50,30,10,10,0.265,Miedo
1154,hechizo,10,90,0,0,0.297,Miedo
1155,helado,80,10,10,0,0.099,Miedo
1156,helar,90,10,0,0,0.033,Miedo
1157,histeria,10,20,60,10,0.562,Miedo
1158,histÇricamente,20,20,50,10,0.496,Miedo
1159,histÇrico,30,10,40,20,0.497,Miedo
1160,histerismo,30,10,50,10,0.463,Miedo
1161,horrendamente,0,30,20,50,0.731,Miedo
1162,horrendo,0,20,30,50,0.764,Miedo
1163,horrible,0,0,50,50,0.83,Miedo
1164,horriblemente,0,0,50,50,0.83,Miedo
1165,h¢rrido,0,30,20,50,0.731,Miedo
1166,horrificar,0,20,20,60,0.798,Miedo
1167,horripilaci¢n,0,20,20,60,0.798,Miedo
1168,horripilante,0,10,30,60,0.831,Miedo
1169,horripilar,0,20,20,60,0.798,Miedo
1170,horr°sono,0,30,40,30,0.663,Miedo
1171,horror,0,0,10,90,0.966,Miedo
1172,horrorizado,0,0,30,70,0.898,Miedo
1173,horrorizante,0,0,30,70,0.898,Miedo
1174,horrorizar,0,0,30,70,0.898,Miedo
1175,horrorosamente,0,10,30,60,0.831,Miedo
1176,horroroso,0,10,20,70,0.865,Miedo
1177,huidizo,10,0,40,50,0.764,Miedo
1178,impotente,20,40,40,0,0.396,Miedo
1179,incertidumbre,0,80,20,0,0.396,Miedo
1180,indeciso,30,50,10,10,0.331,Miedo
1181,inquietantemente,20,20,50,10,0.496,Miedo
1182,inquietar,20,30,40,10,0.463,Miedo
1183,inquieto,20,60,10,10,0.364,Miedo
1184,insecto,40,40,10,10,0.298,Miedo
1185,inseguro,20,70,0,10,0.331,Miedo
1186,intimidaci¢n,0,30,50,20,0.629,Miedo
1187,intimidar,0,30,60,10,0.595,Miedo
1188,intrinquilo,10,40,40,10,0.496,Miedo
1189,lengÅicorto,10,70,10,10,0.397,Miedo
1190,maldad,10,20,50,20,0.596,Miedo
1191,maligno,0,20,30,50,0.764,Miedo
1192,malo,10,10,50,30,0.663,Miedo
1193,medrana,0,10,40,50,0.797,Miedo
1194,medroso,0,10,30,60,0.831,Miedo
1195,mieditis,0,10,30,60,0.831,Miedo
1196,miedo,0,0,20,80,0.932,Miedo
1197,miedo ,0,0,20,80,0.932,Miedo
1198,miedoso,0,0,20,80,0.932,Miedo
1199,monstruosamente,0,10,40,50,0.797,Miedo
1200,monstruoso,0,10,30,60,0.831,Miedo
1201,mortuorio,0,20,30,50,0.764,Miedo
1202,mounstro,0,10,40,50,0.797,Miedo
1203,muerte,0,10,20,70,0.865,Miedo
1204,neblina,40,20,40,0,0.33,Miedo
1205,niebla,50,10,30,10,0.331,Miedo
1206,nublar,70,30,0,0,0.099,Miedo
1207,ominar,50,30,20,0,0.231,Miedo
1208,palidecer,10,40,30,20,0.53,Miedo
1209,palido,0,50,40,10,0.529,Miedo
1210,p†nico,0,0,30,70,0.898,Miedo
1211,pante¢n,0,40,40,20,0.596,Miedo
1212,p†vido,0,10,50,40,0.763,Miedo
1213,pavor,0,0,30,70,0.898,Miedo
1214,pavorosamente,0,0,50,50,0.83,Miedo
1215,pavoroso,0,0,50,50,0.83,Miedo
1216,pena,20,60,20,0,0.33,Miedo
1217,penumbra,20,20,50,10,0.496,Miedo
1218,pose°do,10,20,40,30,0.63,Miedo
1219,premonici¢n,20,60,20,0,0.33,Miedo
1220,preocupaci¢n,10,30,50,10,0.529,Miedo
1221,preocupadamente,10,30,40,20,0.563,Miedo
1222,preocupado,20,20,40,20,0.53,Miedo
1223,pusil†nime,30,40,20,10,0.364,Miedo
1224,pusilanimidad,30,40,20,10,0.364,Miedo
1225,rata,40,50,10,0,0.231,Miedo
1226,recelo,20,30,20,30,0.531,Miedo
1227,receloso,20,30,30,20,0.497,Miedo
1228,rodeor,30,70,0,0,0.231,Miedo
1229,sangre,10,60,30,0,0.396,Miedo
1230,sangriento,10,40,40,10,0.496,Miedo
1231,sanguinario,10,10,60,20,0.629,Miedo
1232,satan,20,10,30,40,0.631,Miedo
1233,secuestro,0,30,10,60,0.765,Miedo
1234,sevicia,0,50,50,0,0.495,Miedo
1235,sobrecoger,0,10,60,30,0.729,Miedo
1236,sobrecogimiento,0,10,60,30,0.729,Miedo
1237,sobresaltar,0,10,60,30,0.729,Miedo
1238,sombra,30,60,10,0,0.264,Miedo
1239,suspenso,0,20,70,10,0.628,Miedo
1240,susto,0,0,40,60,0.864,Miedo
1241,temblor,10,20,60,10,0.562,Miedo
1242,temer,0,0,20,80,0.932,Miedo
1243,temerosamente,0,0,40,60,0.864,Miedo
1244,temeroso,0,0,30,70,0.898,Miedo
1245,temible,0,0,20,80,0.932,Miedo
1246,temor,0,0,20,80,0.932,Miedo
1247,temorosamente,0,0,40,60,0.864,Miedo
1248,tenso,0,60,30,10,0.496,Miedo
1249,terremoto,10,30,20,40,0.631,Miedo
1250,terrible,0,0,30,70,0.898,Miedo
1251,terriblemente,0,0,60,40,0.796,Miedo
1252,terror,0,0,10,90,0.966,Miedo
1253,terror°fico,0,0,30,70,0.898,Miedo
1254,t°midamente,0,40,40,20,0.596,Miedo
1255,timidez,10,50,20,20,0.497,Miedo
1256,t°mido,10,50,10,30,0.531,Miedo
1257,timorato,10,30,20,40,0.631,Miedo
1258,tragedia,10,10,80,0,0.561,Miedo
1259,tremebundo,10,10,30,50,0.731,Miedo
1260,tremendo,20,20,30,30,0.564,Miedo
1261,ultimatum,20,70,10,0,0.297,Miedo
1262,ultratumba,0,30,40,30,0.663,Miedo
1263,verecundia,40,40,20,0,0.264,Miedo
1264,verecundio,40,40,20,0,0.264,Miedo
1265,verecundo,40,40,20,0,0.264,Miedo
1266,vergonzoso,20,40,40,0,0.396,Miedo
1267,vitando,30,30,30,10,0.397,Miedo
1268,abominablemente,0,20,40,40,0.73,Repulsi¢n
1269,abominar,0,10,40,50,0.797,Repulsi¢n
1270,aborrecer,0,0,10,90,0.966,Repulsi¢n
1271,aborrecible,0,0,10,90,0.966,Repulsi¢n
1273,aborrecimiento ,0,0,10,90,0.966,Repulsi¢n
1274,abusar,10,10,40,40,0.697,Repulsi¢n
1275,adversi¢n ,30,10,40,20,0.497,Repulsi¢n
1276,alergia ,30,30,30,10,0.397,Repulsi¢n
1277,ampolla,30,10,40,20,0.497,Repulsi¢n
1278,animadversi¢n ,10,20,30,40,0.664,Repulsi¢n
1279,animosidad ,40,30,30,0,0.297,Repulsi¢n
1280,antipat°a ,0,20,60,20,0.662,Repulsi¢n
1281,antip†tico,0,0,80,20,0.728,Repulsi¢n
1282,apestar,0,10,30,60,0.831,Repulsi¢n
1283,apestoso,0,10,10,80,0.899,Repulsi¢n
1284,aprensi¢n ,10,30,50,10,0.529,Repulsi¢n
1285,ara§a,20,30,50,0,0.429,Repulsi¢n
1286,asco ,0,0,10,90,0.966,Repulsi¢n
1287,asqueadamente,0,0,20,80,0.932,Repulsi¢n
1288,asquear,0,0,20,80,0.932,Repulsi¢n
1289,asquerosamente,0,0,10,90,0.966,Repulsi¢n
1290,asqueroso,0,0,0,100,1,Repulsi¢n
1291,astroso,10,10,60,20,0.629,Repulsi¢n
1292,aversi¢n,10,10,60,20,0.629,Repulsi¢n
1293,basca,0,10,20,70,0.865,Repulsi¢n
1294,bascosidad,0,20,20,60,0.798,Repulsi¢n
1295,bascoso,10,20,30,40,0.664,Repulsi¢n
1296,basura,0,0,60,40,0.796,Repulsi¢n
1297,birria,30,50,10,10,0.331,Repulsi¢n
1298,borracho,10,30,40,20,0.563,Repulsi¢n
1299,caca,0,0,30,70,0.898,Repulsi¢n
1300,carro§a,0,0,40,60,0.864,Repulsi¢n
1301,cicatriz,20,40,40,0,0.396,Repulsi¢n
1302,co†gulo,30,30,30,10,0.397,Repulsi¢n
1303,cochino,0,40,50,10,0.562,Repulsi¢n
1304,cocol°a ,10,30,20,40,0.631,Repulsi¢n
1305,contaminar,0,40,30,30,0.63,Repulsi¢n
1306,corromper,10,20,50,20,0.596,Repulsi¢n
1307,cortar,70,10,20,0,0.165,Repulsi¢n
1308,desagradable,0,0,30,70,0.898,Repulsi¢n
1309,desagradablemente,0,10,30,60,0.831,Repulsi¢n
1310,desagrado,0,20,20,60,0.798,Repulsi¢n
1311,desasosegar,50,20,20,10,0.298,Repulsi¢n
1312,descomposic¢n,0,10,50,40,0.763,Repulsi¢n
1313,deshonrar,0,40,30,30,0.63,Repulsi¢n
1314,desperdicio,0,40,50,10,0.562,Repulsi¢n
1315,detestable,0,0,10,90,0.966,Repulsi¢n
1316,detestablemente,0,0,20,80,0.932,Repulsi¢n
1317,detestaci¢n,0,0,20,80,0.932,Repulsi¢n
1318,diarrea,0,30,30,40,0.697,Repulsi¢n
1319,disgustar,10,10,70,10,0.595,Repulsi¢n
1320,disgusto,10,10,70,10,0.595,Repulsi¢n
1321,distanciamiento,30,30,40,0,0.363,Repulsi¢n
1322,empalagamiento,30,40,30,0,0.33,Repulsi¢n
1323,empalagar,30,40,30,0,0.33,Repulsi¢n
1324,empalagoso,30,30,40,0,0.363,Repulsi¢n
1325,emporcar,0,30,60,10,0.595,Repulsi¢n
1326,enfermedad,20,30,40,10,0.463,Repulsi¢n
1327,enfermizo,20,20,50,10,0.496,Repulsi¢n
1328,enfermo,20,20,30,30,0.564,Repulsi¢n
1329,ensuciar,0,20,60,20,0.662,Repulsi¢n
1330,envilecer,10,0,30,60,0.798,Repulsi¢n
1331,escr£pulo ,30,40,30,0,0.33,Repulsi¢n
1332,espanto,50,20,30,0,0.264,Repulsi¢n
1333,estiÇrcol,0,20,40,40,0.73,Repulsi¢n
1334,excremento ,0,20,20,60,0.798,Repulsi¢n
1335,execrable,0,10,50,40,0.763,Repulsi¢n
1336,execrablemente,0,10,50,40,0.763,Repulsi¢n
1337,fastidiar,10,40,30,20,0.53,Repulsi¢n
1338,fastidio,10,30,30,30,0.597,Repulsi¢n
1339,fÇtido,0,0,30,70,0.898,Repulsi¢n
1340,fila ,50,20,0,30,0.366,Repulsi¢n
1341,fobia ,10,10,50,30,0.663,Repulsi¢n
1342,gases,0,30,40,30,0.663,Repulsi¢n
1343,gelatinoso,30,70,0,0,0.231,Repulsi¢n
1344,grima,0,30,50,20,0.629,Repulsi¢n
1345,gu†cala,0,0,10,90,0.966,Repulsi¢n
1346,gusano,20,20,60,0,0.462,Repulsi¢n
1347,harto,20,30,30,20,0.497,Repulsi¢n
1348,hastiar,10,20,50,20,0.596,Repulsi¢n
1349,hast°o,10,30,40,20,0.563,Repulsi¢n
1350,hediondo,0,0,40,60,0.864,Repulsi¢n
1351,herida,30,40,30,0,0.33,Repulsi¢n
1352,hincha ,10,20,30,40,0.664,Repulsi¢n
1353,hinchado,30,10,20,40,0.565,Repulsi¢n
1354,hongos,30,20,50,0,0.396,Repulsi¢n
1355,horrendo,0,30,20,50,0.731,Repulsi¢n
1356,horrible,0,20,30,50,0.764,Repulsi¢n
1357,horripilaci¢n,0,30,30,40,0.697,Repulsi¢n
1358,horror,0,20,30,50,0.764,Repulsi¢n
1359,horroroso,0,20,30,50,0.764,Repulsi¢n
1360,hostil,30,20,20,30,0.498,Repulsi¢n
1361,imp£dico,20,20,50,10,0.496,Repulsi¢n
1362,impuro,10,30,30,30,0.597,Repulsi¢n
1363,incasto,30,20,40,10,0.43,Repulsi¢n
1364,indecente,10,20,40,30,0.63,Repulsi¢n
1365,indecoroso,20,10,50,20,0.563,Repulsi¢n
1366,indisponer,30,40,20,10,0.364,Repulsi¢n
1367,infame,10,20,40,30,0.63,Repulsi¢n
1368,infecci¢n,20,30,20,30,0.531,Repulsi¢n
1369,infecto,0,40,20,40,0.664,Repulsi¢n
1370,infrahumano,30,30,20,20,0.431,Repulsi¢n
1371,inframundo,10,30,30,30,0.597,Repulsi¢n
1372,injuriante,30,20,20,30,0.498,Repulsi¢n
1373,injuriar,10,30,30,30,0.597,Repulsi¢n
1374,injurioso,10,30,30,30,0.597,Repulsi¢n
1375,inmoral,20,20,20,40,0.598,Repulsi¢n
1376,inmundo,0,0,20,80,0.932,Repulsi¢n
1377,inquina ,10,30,10,50,0.665,Repulsi¢n
1378,insubordinar,30,50,0,20,0.365,Repulsi¢n
1379,insultante,10,0,50,40,0.73,Repulsi¢n
1380,insulto,10,0,40,50,0.764,Repulsi¢n
1381,insurrecci¢n,50,20,30,0,0.264,Repulsi¢n
1382,insurreccionar,50,20,30,0,0.264,Repulsi¢n
1383,intranquilo,70,20,10,0,0.132,Repulsi¢n
1384,lepra,10,10,20,60,0.765,Repulsi¢n
1385,licencioso,10,20,40,30,0.63,Repulsi¢n
1386,mal,20,20,20,40,0.598,Repulsi¢n
1387,malasangre,0,20,20,60,0.798,Repulsi¢n
1388,malquerencia ,0,20,20,60,0.798,Repulsi¢n
1389,malvado,0,20,20,60,0.798,Repulsi¢n
1390,mancha,10,40,40,10,0.496,Repulsi¢n
1391,man°a,30,60,10,0,0.264,Repulsi¢n
1392,marrano,0,40,20,40,0.664,Repulsi¢n
1393,mef°tico,10,20,30,40,0.664,Repulsi¢n
1394,moco,0,20,20,60,0.798,Repulsi¢n
1395,m¢rbido,50,0,30,20,0.398,Repulsi¢n
1396,morboso,0,20,40,40,0.73,Repulsi¢n
1397,mosca,20,30,20,30,0.531,Repulsi¢n
1398,mugre,0,40,0,60,0.732,Repulsi¢n
1399,n†usea,0,10,20,70,0.865,Repulsi¢n
1400,nauseabundamente,0,10,30,60,0.831,Repulsi¢n
1401,nauseabundo,0,10,20,70,0.865,Repulsi¢n
1402,nausear,0,10,30,60,0.831,Repulsi¢n
1403,n†useas,0,0,30,70,0.898,Repulsi¢n
1404,nefasto,0,10,30,60,0.831,Repulsi¢n
1405,obsceno,10,0,40,50,0.764,Repulsi¢n
1406,odio ,0,20,30,50,0.764,Repulsi¢n
1407,odiosamente,0,20,40,40,0.73,Repulsi¢n
1408,odioso,0,20,30,50,0.764,Repulsi¢n
1409,ofender,0,30,30,40,0.697,Repulsi¢n
1410,ofensivo,0,30,30,40,0.697,Repulsi¢n
1411,ojeriza ,0,20,60,20,0.662,Repulsi¢n
1412,oponer,30,30,40,0,0.363,Repulsi¢n
1413,orina,10,30,40,20,0.563,Repulsi¢n
1414,patol¢gico,50,20,10,20,0.332,Repulsi¢n
1415,pecaminoso,20,40,20,20,0.464,Repulsi¢n
1416,pedo ,0,10,20,70,0.865,Repulsi¢n
1417,pÇrfido,10,20,0,70,0.766,Repulsi¢n
1418,perinquina ,0,10,50,40,0.763,Repulsi¢n
1419,perverso,10,20,20,50,0.698,Repulsi¢n
1420,pervertir,10,20,20,50,0.698,Repulsi¢n
1421,pÇsimo,0,40,30,30,0.63,Repulsi¢n
1422,peste,0,0,40,60,0.864,Repulsi¢n
1423,pestilente,0,0,40,60,0.864,Repulsi¢n
1424,podrido,0,10,40,50,0.797,Repulsi¢n
1425,podrir,0,20,30,50,0.764,Repulsi¢n
1426,popo,0,10,40,50,0.797,Repulsi¢n
1427,pornogr†fico,0,30,40,30,0.663,Repulsi¢n
1428,procaz,20,30,10,40,0.565,Repulsi¢n
1429,protervo,10,20,30,40,0.664,Repulsi¢n
1430,puaf,70,10,20,0,0.165,Repulsi¢n
1431,puercamente,0,0,40,60,0.864,Repulsi¢n
1432,puerco,0,10,50,40,0.763,Repulsi¢n
1433,pus,0,30,10,60,0.765,Repulsi¢n
1434,putrefacci¢n,0,10,20,70,0.865,Repulsi¢n
1435,putrefacci¢n,0,10,20,70,0.865,Repulsi¢n
1436,putrido ,0,10,20,70,0.865,Repulsi¢n
1437,rabia,0,10,50,40,0.763,Repulsi¢n
1438,rastrero,20,20,30,30,0.564,Repulsi¢n
1439,rata,20,30,20,30,0.531,Repulsi¢n
1440,rechazamiento,10,20,30,40,0.664,Repulsi¢n
1441,rechazar,0,20,40,40,0.73,Repulsi¢n
1442,rechazo,0,20,50,30,0.696,Repulsi¢n
1443,reherir,10,10,60,20,0.629,Repulsi¢n
1444,rencor ,0,0,50,50,0.83,Repulsi¢n
1445,repeler,0,30,30,40,0.697,Repulsi¢n
1446,repelo ,10,20,30,40,0.664,Repulsi¢n
1447,repudiable,0,0,30,70,0.898,Repulsi¢n
1448,repudiar,0,0,30,70,0.898,Repulsi¢n
1449,repudio,0,0,30,70,0.898,Repulsi¢n
1450,repugnadamente,0,0,20,80,0.932,Repulsi¢n
1451,repugnancia ,0,0,20,80,0.932,Repulsi¢n
1452,repugnante,0,0,20,80,0.932,Repulsi¢n
1453,repugnantemente,0,0,20,80,0.932,Repulsi¢n
1454,repugnar,0,0,20,80,0.932,Repulsi¢n
1455,repulsar,0,0,20,80,0.932,Repulsi¢n
1456,repulsi¢n ,0,0,10,90,0.966,Repulsi¢n
1457,repulsivamente,0,0,0,100,1,Repulsi¢n
1458,repulsivo,0,0,0,100,1,Repulsi¢n
1459,rufi†n,0,30,30,40,0.697,Repulsi¢n
1460,ruin,0,30,20,50,0.731,Repulsi¢n
1461,sangre,30,40,20,10,0.364,Repulsi¢n
1462,sangriento,10,40,40,10,0.496,Repulsi¢n
1463,secreci¢n,10,10,40,40,0.697,Repulsi¢n
1464,s¢rdido,0,30,30,40,0.697,Repulsi¢n
1465,submundo,20,40,10,30,0.498,Repulsi¢n
1466,sucio,0,20,40,40,0.73,Repulsi¢n
1467,tirria ,0,30,50,20,0.629,Repulsi¢n
1468,tripas,10,50,30,10,0.463,Repulsi¢n
1469,ultrajante,0,40,40,20,0.596,Repulsi¢n
1470,usgo,0,30,10,60,0.765,Repulsi¢n
1471,vejar,0,40,20,40,0.664,Repulsi¢n
1472,vil,0,20,50,30,0.696,Repulsi¢n
1473,v°scera,10,30,20,40,0.631,Repulsi¢n
1474,viscoso,20,40,20,20,0.464,Repulsi¢n
1475,vomito,0,10,10,80,0.899,Repulsi¢n
1476,zaherir,0,30,30,40,0.697,Repulsi¢n
1477,zahiriente,0,30,20,50,0.731,Repulsi¢n
1478,abierto,50,20,20,10,0.298,Sorpresa
1479,abobamiento,60,30,0,10,0.199,Sorpresa
1480,abobar,50,20,20,10,0.298,Sorpresa
1481,acertijo,20,30,20,30,0.531,Sorpresa
1482,acojonante,10,0,50,40,0.73,Sorpresa
1483,adivinanza,30,20,20,30,0.498,Sorpresa
1484,admirable,10,0,50,40,0.73,Sorpresa
1485,admirablemente,10,10,50,30,0.663,Sorpresa
1486,admiracion,20,0,40,40,0.664,Sorpresa
1487,admiraci¢n,10,0,40,50,0.764,Sorpresa
1488,admirar,10,0,50,40,0.73,Sorpresa
1489,agenciar,60,20,20,0,0.198,Sorpresa
1490,alcanzar,50,30,10,10,0.265,Sorpresa
1491,alelamiento,40,60,0,0,0.198,Sorpresa
1492,alelar,60,40,0,0,0.132,Sorpresa
1493,anonadamiento,10,10,20,60,0.765,Sorpresa
1494,anonadar,10,10,30,50,0.731,Sorpresa
1495,apote¢sico,20,20,20,40,0.598,Sorpresa
1496,arrocinar,60,30,10,0,0.165,Sorpresa
1497,asombramiento,0,0,20,80,0.932,Sorpresa
1498,asombrar,0,0,10,90,0.966,Sorpresa
1499,asombro,0,0,10,90,0.966,Sorpresa
1500,asombrosamente,0,0,10,90,0.966,Sorpresa
1501,asombroso,0,0,10,90,0.966,Sorpresa
1502,atarantar,70,20,10,0,0.132,Sorpresa
1503,atolondrar,60,30,0,10,0.199,Sorpresa
1504,at¢nito,10,10,10,70,0.799,Sorpresa
1505,atontamiento,50,40,0,10,0.232,Sorpresa
1506,atontar,50,40,0,10,0.232,Sorpresa
1507,atrapar,30,10,50,10,0.463,Sorpresa
1508,atronar,50,30,10,10,0.265,Sorpresa
1509,aturdimiento,50,50,0,0,0.165,Sorpresa
1510,aturdir,50,50,0,0,0.165,Sorpresa
1511,aturrullar,60,30,10,0,0.165,Sorpresa
1512,aturullar,60,30,10,0,0.165,Sorpresa
1513,batir,90,0,10,0,0.066,Sorpresa
1514,bizco,60,10,20,10,0.265,Sorpresa
1515,bobalic¢n,80,20,0,0,0.066,Sorpresa
1516,bobo,70,30,0,0,0.099,Sorpresa
1517,bombo,40,30,20,10,0.331,Sorpresa
1518,boquiabierto,10,10,10,70,0.799,Sorpresa
1519,bruto,70,10,20,0,0.165,Sorpresa
1520,chasco,50,10,10,30,0.399,Sorpresa
1521,coger,20,30,50,0,0.429,Sorpresa
1522,confundir,30,60,10,0,0.264,Sorpresa
1523,confusi¢n,30,60,10,0,0.264,Sorpresa
1524,conmoci¢n,10,30,20,40,0.631,Sorpresa
1525,conmocionar,0,30,40,30,0.663,Sorpresa
1526,conseguir,40,20,40,0,0.33,Sorpresa
1527,consternaci¢n,20,30,40,10,0.463,Sorpresa
1528,consternar,30,20,40,10,0.43,Sorpresa
1529,conturbar,20,20,10,50,0.632,Sorpresa
1530,descomunalmente,0,20,20,60,0.798,Sorpresa
1531,desconcertar,10,20,30,40,0.664,Sorpresa
1532,desconcierto,20,10,30,40,0.631,Sorpresa
1533,descuidar,30,30,40,0,0.363,Sorpresa
1534,deslumbramiento,10,30,30,30,0.597,Sorpresa
1535,deslumbrantemente,0,40,20,40,0.664,Sorpresa
1536,deslumbrar,0,40,20,40,0.664,Sorpresa
1537,desmayar,10,40,30,20,0.53,Sorpresa
1538,desmayo,10,40,30,20,0.53,Sorpresa
1539,despampanante,10,10,0,80,0.833,Sorpresa
1540,despistar,40,30,30,0,0.297,Sorpresa
1541,desprevenido,0,10,80,10,0.661,Sorpresa
1542,distra°do,30,10,50,10,0.463,Sorpresa
1543,embobamiento,60,40,0,0,0.132,Sorpresa
1544,embobar,70,30,0,0,0.099,Sorpresa
1545,embobecer,60,30,10,0,0.165,Sorpresa
1546,embrutecer,70,10,20,0,0.165,Sorpresa
1547,encandilar,10,30,30,30,0.597,Sorpresa
1548,enigma,30,10,20,40,0.565,Sorpresa
1549,enmudecer,20,0,40,40,0.664,Sorpresa
1550,entontecer,50,40,10,0,0.198,Sorpresa
1551,entontecimiento,70,30,0,0,0.099,Sorpresa
1552,espantar,0,10,30,60,0.831,Sorpresa
1553,espanto,0,10,30,60,0.831,Sorpresa
1554,est¢lido,70,30,0,0,0.099,Sorpresa
1555,estrellas,60,20,10,10,0.232,Sorpresa
1556,estruendo,20,30,30,20,0.497,Sorpresa
1557,estupefacci¢n,10,0,30,60,0.798,Sorpresa
1558,estupefacto,0,10,10,80,0.899,Sorpresa
1559,estupendamente,10,20,30,40,0.664,Sorpresa
1560,estupendo,10,20,20,50,0.698,Sorpresa
1561,est£pido,70,30,0,0,0.099,Sorpresa
1562,estupor,0,30,10,60,0.765,Sorpresa
1563,exclamaci¢n,30,10,40,20,0.497,Sorpresa
1564,extra§ar,50,40,10,0,0.198,Sorpresa
1565,extra§eza,20,40,20,20,0.464,Sorpresa
1566,extraordinario,20,10,20,50,0.665,Sorpresa
1567,fabuloso,10,30,30,30,0.597,Sorpresa
1568,fant†sticamente,0,20,50,30,0.696,Sorpresa
1569,fant†stico,0,10,50,40,0.763,Sorpresa
1570,fascinacion,10,10,50,30,0.663,Sorpresa
1571,fascinante,0,20,40,40,0.73,Sorpresa
1572,frustrar,70,10,20,0,0.165,Sorpresa
1573,golpe,60,10,20,10,0.265,Sorpresa
1574,grandioso,10,20,40,30,0.63,Sorpresa
1575,gritar,0,40,60,0,0.528,Sorpresa
1576,grito,0,40,60,0,0.528,Sorpresa
1577,horrible,10,50,40,0,0.429,Sorpresa
1578,idiotizar,70,30,0,0,0.099,Sorpresa
1579,imbÇcil,90,10,0,0,0.033,Sorpresa
1580,impactar,10,20,10,60,0.732,Sorpresa
1581,impresi¢n,10,10,30,50,0.731,Sorpresa
1582,impresionante,0,10,10,80,0.899,Sorpresa
1583,impresionar,0,10,20,70,0.865,Sorpresa
1584,inaudito,0,10,10,80,0.899,Sorpresa
1585,increible,0,0,10,90,0.966,Sorpresa
1586,incre°blemente,0,10,10,80,0.899,Sorpresa
1587,inepto,80,20,0,0,0.066,Sorpresa
1588,interrogante,40,40,10,10,0.298,Sorpresa
1589,interrogar,30,50,10,10,0.331,Sorpresa
1590,intrigar,20,30,50,0,0.429,Sorpresa
1591,lelo,80,20,0,0,0.066,Sorpresa
1592,llegar,60,30,10,0,0.165,Sorpresa
1593,llevar,70,20,10,0,0.132,Sorpresa
1594,macanudo,0,20,40,40,0.73,Sorpresa
1595,maravilla,0,10,10,80,0.899,Sorpresa
1596,maravillar,0,0,30,70,0.898,Sorpresa
1597,maravillosamente,0,0,20,80,0.932,Sorpresa
1598,maravilloso,0,0,10,90,0.966,Sorpresa
1599,miedo,30,50,20,0,0.297,Sorpresa
1600,milagro,0,20,30,50,0.764,Sorpresa
1601,mir°fico,0,10,0,90,0.933,Sorpresa
1602,misterio,40,30,20,10,0.331,Sorpresa
1603,mistificar,70,20,10,0,0.132,Sorpresa
1604,mudo,60,20,20,0,0.198,Sorpresa
1605,nefando,80,20,0,0,0.066,Sorpresa
1606,noqueado,30,50,20,0,0.297,Sorpresa
1607,noquear,40,50,10,0,0.231,Sorpresa
1608,obtuso,80,20,0,0,0.066,Sorpresa
1609,ofuscar,40,40,20,0,0.264,Sorpresa
1610,pasmar,20,10,40,30,0.597,Sorpresa
1611,pasmo,40,20,20,20,0.398,Sorpresa
1612,pasmosamente,30,30,20,20,0.431,Sorpresa
1613,pasmoso,20,20,30,30,0.564,Sorpresa
1614,perplejidad,10,10,30,50,0.731,Sorpresa
1615,perplejo,0,20,30,50,0.764,Sorpresa
1616,portento,0,20,50,30,0.696,Sorpresa
1617,portentosamente,20,0,50,30,0.63,Sorpresa
1618,portentoso,0,20,50,30,0.696,Sorpresa
1619,preguntar,40,60,0,0,0.198,Sorpresa
1620,prodigiosamente,10,20,50,20,0.596,Sorpresa
1621,prodigiosidad,10,30,40,20,0.563,Sorpresa
1622,prodigioso,0,30,50,20,0.629,Sorpresa
1623,quedar,50,0,50,0,0.33,Sorpresa
1624,quimÇrico,30,40,20,10,0.364,Sorpresa
1625,quisicosa,40,20,40,0,0.33,Sorpresa
1626,recibir,30,40,20,10,0.364,Sorpresa
1627,repente,10,20,40,30,0.63,Sorpresa
1628,repentino,0,20,50,30,0.696,Sorpresa
1629,rompecabezas,70,30,0,0,0.099,Sorpresa
1630,shock,10,20,30,40,0.664,Sorpresa
1631,shoqueado,10,10,30,50,0.731,Sorpresa
1632,sobrecoger,40,10,40,10,0.397,Sorpresa
1633,sobrecogimiento,40,10,30,20,0.431,Sorpresa
1634,sobresalto,30,10,20,40,0.565,Sorpresa
1635,sonso,80,20,0,0,0.066,Sorpresa
1636,sorprendente,0,0,10,90,0.966,Sorpresa
1637,sorprendentemente,0,0,20,80,0.932,Sorpresa
1638,sorprender,0,0,10,90,0.966,Sorpresa
1639,sorpresa,0,0,10,90,0.966,Sorpresa
1640,sorpresivamente,0,0,10,90,0.966,Sorpresa
1641,sorpresivo,0,0,10,90,0.966,Sorpresa
1642,subito,10,0,70,20,0.662,Sorpresa
1643,suspenso,10,30,50,10,0.529,Sorpresa
1644,susto,0,30,40,30,0.663,Sorpresa
1645,tambaleante,60,40,0,0,0.132,Sorpresa
1646,tambalear,60,40,0,0,0.132,Sorpresa
1647,titubeante,70,30,0,0,0.099,Sorpresa
1648,titubear,70,30,0,0,0.099,Sorpresa
1649,traspiÇs,90,10,0,0,0.033,Sorpresa
1650,tremendo,20,30,50,0,0.429,Sorpresa
1651,zonzo,80,20,0,0,0.066,Sorpresa
1652,zopenco,80,20,0,0,0.066,Sorpresa
1653,abajamiento,20,30,30,20,0.497,Tristeza
1654,abajo ,20,60,10,10,0.364,Tristeza
1655,abandonamiento,0,10,20,70,0.865,Tristeza
1656,abandonar,0,0,30,70,0.898,Tristeza
1657,abatidamente,0,20,10,70,0.832,Tristeza
1658,abatido,0,10,20,70,0.865,Tristeza
1659,abatimiento,0,20,20,60,0.798,Tristeza
1660,abatir,0,30,10,60,0.765,Tristeza
1661,abochornar,50,20,30,0,0.264,Tristeza
1662,abrumar ,30,20,40,10,0.43,Tristeza
1663,aburrir,30,60,10,0,0.264,Tristeza
1664,aciago,10,30,40,20,0.563,Tristeza
1665,acongojar,0,0,60,40,0.796,Tristeza
1666,acuitadamente,0,70,20,10,0.463,Tristeza
1667,acuitar,0,40,50,10,0.562,Tristeza
1668,adolecer,0,50,30,20,0.563,Tristeza
1669,adverso,30,20,30,20,0.464,Tristeza
1670,aflicci¢n,0,20,30,50,0.764,Tristeza
1671,afligidamente,0,0,50,50,0.83,Tristeza
1672,afligido,0,0,50,50,0.83,Tristeza
1673,afligir,0,0,60,40,0.796,Tristeza
1674,agobiado,0,20,30,50,0.764,Tristeza
1675,agobiante,0,20,40,40,0.73,Tristeza
1676,agobiantemente,0,20,40,40,0.73,Tristeza
1677,agobiar,0,30,30,40,0.697,Tristeza
1678,agraviar,30,50,10,10,0.331,Tristeza
1679,aguantar,30,40,20,10,0.364,Tristeza
1680,aherrojar,50,40,10,0,0.198,Tristeza
1681,ahogo,10,50,30,10,0.463,Tristeza
1682,alica°do,20,40,20,20,0.464,Tristeza
1683,aliquebrado,10,50,20,20,0.497,Tristeza
1684,alma,50,50,0,0,0.165,Tristeza
1685,amargo,40,40,20,0,0.264,Tristeza
1686,amargura,20,0,80,0,0.528,Tristeza
1687,amurriar,10,10,40,40,0.697,Tristeza
1688,angustia,0,10,50,40,0.763,Tristeza
1689,angustiadamente,0,30,30,40,0.697,Tristeza
1690,angustiar,0,10,60,30,0.729,Tristeza
1691,angustioso,0,10,50,40,0.763,Tristeza
1692,aniquilar ,0,70,20,10,0.463,Tristeza
1693,a§icos,0,70,20,10,0.463,Tristeza
1694,apabullar ,10,50,40,0,0.429,Tristeza
1695,apenar,20,50,20,10,0.397,Tristeza
1696,apiadarse,30,20,30,20,0.464,Tristeza
1697,aplanar ,70,20,0,10,0.166,Tristeza
1698,aplastar,60,20,10,10,0.232,Tristeza
1699,aquejar,20,30,30,20,0.497,Tristeza
1700,arrastradamente,40,30,30,0,0.297,Tristeza
1701,arrastrar,60,20,20,0,0.198,Tristeza
1702,arrepentimiento,10,40,50,0,0.462,Tristeza
1703,arrepentir,10,40,50,0,0.462,Tristeza
1704,asolar,10,40,30,20,0.53,Tristeza
1705,atormentadamente,10,40,40,10,0.496,Tristeza
1706,atormentar,10,40,30,20,0.53,Tristeza
1707,atribular,10,30,50,10,0.529,Tristeza
1708,atrici¢n,10,30,60,0,0.495,Tristeza
1709,avergonzar,20,70,10,0,0.297,Tristeza
1710,bajo,40,40,20,0,0.264,Tristeza
1711,cabizbajo,0,0,30,70,0.898,Tristeza
1712,cabizca°do,0,0,30,70,0.898,Tristeza
1713,caer,10,20,70,0,0.528,Tristeza
1714,caerse,10,40,50,0,0.462,Tristeza
1715,ca°da,20,10,60,10,0.529,Tristeza
1716,ca°do,10,20,70,0,0.528,Tristeza
1717,calvario,0,10,50,40,0.763,Tristeza
1718,cancamurria,10,10,10,70,0.799,Tristeza
1719,carcel,10,20,50,20,0.596,Tristeza
1720,carecer,0,50,40,10,0.529,Tristeza
1721,cargar,40,20,40,0,0.33,Tristeza
1722,castigo,0,30,60,10,0.595,Tristeza
1723,cetrino,60,30,10,0,0.165,Tristeza
1724,compadecer,10,40,20,30,0.564,Tristeza
1725,compasi¢n,0,40,30,30,0.63,Tristeza
1726,compasivo,0,40,30,30,0.63,Tristeza
1727,compunci¢n,20,40,20,20,0.464,Tristeza
1728,compungidamente,40,30,20,10,0.331,Tristeza
1729,compungir,20,50,20,10,0.397,Tristeza
1730,condolencia,0,0,60,40,0.796,Tristeza
1731,condoler,0,0,60,40,0.796,Tristeza
1732,confuso,40,50,10,0,0.231,Tristeza
1733,congoja,20,20,50,10,0.496,Tristeza
1734,congojoso,10,30,50,10,0.529,Tristeza
1735,consternaci¢n,0,30,60,10,0.595,Tristeza
1736,contrici¢n,10,50,40,0,0.429,Tristeza
1737,contristar,0,30,40,30,0.663,Tristeza
1738,contrito,0,40,30,30,0.63,Tristeza
1739,crisis,0,20,50,30,0.696,Tristeza
1740,cuita,0,20,40,40,0.73,Tristeza
1741,cuitado,20,10,40,30,0.597,Tristeza
1742,culpa,20,20,20,40,0.598,Tristeza
1743,culpabilidad,10,30,20,40,0.631,Tristeza
1744,culpable,20,30,10,40,0.565,Tristeza
1745,culpado,10,30,20,40,0.631,Tristeza
1746,culposo,10,30,20,40,0.631,Tristeza
1747,da§ino,10,20,60,10,0.562,Tristeza
1748,debilitar ,20,60,20,0,0.33,Tristeza
1749,decaer,0,10,60,30,0.729,Tristeza
1750,deca°do,0,10,30,60,0.831,Tristeza
1751,decaimiento,0,10,40,50,0.797,Tristeza
1752,decepci¢n,0,0,30,70,0.898,Tristeza
1753,decepcionar,0,0,30,70,0.898,Tristeza
1754,defectuoso,20,60,20,0,0.33,Tristeza
1755,deficiente,20,50,30,0,0.363,Tristeza
1756,dejarse,70,10,0,20,0.233,Tristeza
1757,dejaz¢n,70,20,0,10,0.166,Tristeza
1758,deplorable,0,50,30,20,0.563,Tristeza
1759,deplorablemente,0,50,30,20,0.563,Tristeza
1760,deplorar,10,40,30,20,0.53,Tristeza
1761,depresi¢n,0,0,30,70,0.898,Tristeza
1762,depresivo,0,0,30,70,0.898,Tristeza
1763,deprimente,0,0,30,70,0.898,Tristeza
1764,deprimir,0,0,40,60,0.864,Tristeza
1765,derribado,10,30,40,20,0.563,Tristeza
1766,derribar,30,30,20,20,0.431,Tristeza
1767,derrota,0,20,30,50,0.764,Tristeza
1768,desafortunado,0,0,30,70,0.898,Tristeza
1769,desalentadamente,0,10,40,50,0.797,Tristeza
1770,desalentar,0,20,30,50,0.764,Tristeza
1771,desaliento,0,10,40,50,0.797,Tristeza
1772,desalojar,10,40,40,10,0.496,Tristeza
1773,desamparar,0,30,50,20,0.629,Tristeza
1774,desamparo,0,40,40,20,0.596,Tristeza
1775,desanimado,0,10,60,30,0.729,Tristeza
1776,desanimar,0,10,60,30,0.729,Tristeza
1777,des†nimo,0,0,70,30,0.762,Tristeza
1778,desaquellar ,0,40,40,20,0.596,Tristeza
1779,desarrapado,40,60,0,0,0.198,Tristeza
1780,desastrado,50,40,0,10,0.232,Tristeza
1781,desaz¢n,60,30,10,0,0.165,Tristeza
1782,desazonar,60,30,10,0,0.165,Tristeza
1783,descaecimiento,40,30,20,10,0.331,Tristeza
1784,descomponer,30,60,10,0,0.264,Tristeza
1785,desconsolado,0,0,50,50,0.83,Tristeza
1786,desconsolador,0,20,40,40,0.73,Tristeza
1787,desconsolar,0,20,40,40,0.73,Tristeza
1788,desconsuelo,0,0,50,50,0.83,Tristeza
1789,descontento,20,50,20,10,0.397,Tristeza
1790,descorazonamiento,10,60,20,10,0.43,Tristeza
1791,descorazonar ,10,50,30,10,0.463,Tristeza
1792,descuajar,50,40,10,0,0.198,Tristeza
1793,desdicha,0,0,50,50,0.83,Tristeza
1794,desdichado,0,0,50,50,0.83,Tristeza
1795,desenga§o,0,30,40,30,0.663,Tristeza
1796,desesperaci¢n,20,40,20,20,0.464,Tristeza
1797,desesperadamente,20,40,20,20,0.464,Tristeza
1798,desesperanza,10,20,20,50,0.698,Tristeza
1799,desesperanzar,10,0,40,50,0.764,Tristeza
1800,desesperar,50,20,10,20,0.332,Tristeza
1801,desestimar,60,10,20,10,0.265,Tristeza
1802,desestimular,50,20,30,0,0.264,Tristeza
1803,desfallecer,20,30,50,0,0.429,Tristeza
1804,desfallecimiento,20,30,50,0,0.429,Tristeza
1805,desgarrador,20,20,30,30,0.564,Tristeza
1806,desgarro,30,30,30,10,0.397,Tristeza
1807,desgastar,40,30,10,20,0.365,Tristeza
1808,desgracia,0,0,50,50,0.83,Tristeza
1809,desgraciar,10,0,50,40,0.73,Tristeza
1810,deshecho,10,50,10,30,0.531,Tristeza
1811,deshincharse,70,30,0,0,0.099,Tristeza
1812,deshonrar,10,50,40,0,0.429,Tristeza
1813,desierto,70,30,0,0,0.099,Tristeza
1814,desinflar ,40,60,0,0,0.198,Tristeza
1815,deslucir,60,40,0,0,0.132,Tristeza
1816,desmadejado,60,30,10,0,0.165,Tristeza
1817,desmalazado,40,40,20,0,0.264,Tristeza
1818,desmayadamente,60,40,0,0,0.132,Tristeza
1819,desmayado,60,40,0,0,0.132,Tristeza
1820,desmayar,70,30,0,0,0.099,Tristeza
1821,desmedrar,60,30,10,0,0.165,Tristeza
1822,desmoralizaci¢n,20,10,60,10,0.529,Tristeza
1823,desmoralizador,0,30,60,10,0.595,Tristeza
1824,desmoralizante,0,30,60,10,0.595,Tristeza
1825,desmoralizar,10,20,60,10,0.562,Tristeza
1826,desmotivar,0,0,70,30,0.762,Tristeza
1827,desolaci¢n,0,0,70,30,0.762,Tristeza
1828,desolar,0,10,60,30,0.729,Tristeza
1829,despojar,0,60,30,10,0.496,Tristeza
1830,desposeer,40,30,30,0,0.297,Tristeza
1831,desprivar,50,20,30,0,0.264,Tristeza
1832,desprotecci¢n,40,40,20,0,0.264,Tristeza
1833,desprotegido,30,30,40,0,0.363,Tristeza
1834,destartalado,10,80,10,0,0.33,Tristeza
1835,destrozo,0,40,50,10,0.562,Tristeza
1836,desventura,0,10,60,30,0.729,Tristeza
1837,desventurado,10,10,60,20,0.629,Tristeza
1838,devastar,0,20,30,50,0.764,Tristeza
1839,doler,10,0,40,50,0.764,Tristeza
1840,doliente,10,0,20,70,0.832,Tristeza
1841,dolor,10,0,20,70,0.832,Tristeza
1842,dolorido,10,0,20,70,0.832,Tristeza
1843,doloroso,10,0,10,80,0.866,Tristeza
1844,duelo,30,10,40,20,0.497,Tristeza
1845,echar,70,30,0,0,0.099,Tristeza
1846,encoger ,40,40,20,0,0.264,Tristeza
1847,encuitar,60,20,10,10,0.232,Tristeza
1848,enervar ,50,30,20,0,0.231,Tristeza
1849,enfermedad,0,30,50,20,0.629,Tristeza
1850,enflaquecer,10,30,40,20,0.563,Tristeza
1851,enlutar,0,10,40,50,0.797,Tristeza
1852,ensombrecer,0,30,30,40,0.697,Tristeza
1853,entristecedor,0,10,10,80,0.899,Tristeza
1854,entristecer,0,0,20,80,0.932,Tristeza
1855,entristecimiento,0,10,10,80,0.899,Tristeza
1856,escarmentar,20,70,0,10,0.331,Tristeza
1857,escasez,20,60,0,20,0.398,Tristeza
1858,escaso,30,50,0,20,0.365,Tristeza
1859,espl°n,50,0,10,40,0.466,Tristeza
1860,estragar,60,30,10,0,0.165,Tristeza
1861,flaquear,10,60,30,0,0.396,Tristeza
1862,flaqueza,20,50,30,0,0.363,Tristeza
1863,flÇbil,10,10,40,40,0.697,Tristeza
1864,fr°o,40,60,0,0,0.198,Tristeza
1865,frustaci¢n,20,40,40,0,0.396,Tristeza
1866,f£nebre,10,0,60,30,0.696,Tristeza
1867,f£nebremente,10,0,70,20,0.662,Tristeza
1868,funeral,0,10,50,40,0.763,Tristeza
1869,funerario,10,0,40,50,0.764,Tristeza
1870,funesto,10,50,20,20,0.497,Tristeza
1871,grave,10,50,30,10,0.463,Tristeza
1872,gris,20,20,30,30,0.564,Tristeza
1873,hambre,40,30,20,10,0.331,Tristeza
1874,huÇrfano,0,20,30,50,0.764,Tristeza
1875,humilde,20,40,40,0,0.396,Tristeza
1876,humillar,10,40,40,10,0.496,Tristeza
1877,hundido,20,20,50,10,0.496,Tristeza
1878,hundir,40,0,40,20,0.464,Tristeza
1879,hund°rsele,60,10,10,20,0.299,Tristeza
1880,imperfecto,40,50,10,0,0.231,Tristeza
1881,impotencia,10,40,30,20,0.53,Tristeza
1882,impotente,30,20,30,20,0.464,Tristeza
1883,inconforme,40,20,40,0,0.33,Tristeza
1884,inconformidad,50,20,30,0,0.264,Tristeza
1885,inconsolable,20,0,20,60,0.732,Tristeza
1886,indigente,30,40,10,20,0.398,Tristeza
1887,infausto,10,40,30,20,0.53,Tristeza
1888,infectar,30,50,20,0,0.297,Tristeza
1889,infedelidad,20,10,40,30,0.597,Tristeza
1890,infelicidad,0,0,30,70,0.898,Tristeza
1891,infeliz,0,0,10,90,0.966,Tristeza
1892,inferior,40,40,20,0,0.264,Tristeza
1893,infortunado,0,20,40,40,0.73,Tristeza
1894,infortunio,0,10,60,30,0.729,Tristeza
1895,inhabitado,30,40,30,0,0.33,Tristeza
1896,injusticia,10,40,40,10,0.496,Tristeza
1897,inmoral,30,20,30,20,0.464,Tristeza
1898,innoble,30,10,50,10,0.463,Tristeza
1899,inquietud,60,10,30,0,0.231,Tristeza
1900,insatisfacci¢n,50,10,40,0,0.297,Tristeza
1901,insatisfecho,50,10,30,10,0.331,Tristeza
1902,lacerar,10,30,50,10,0.529,Tristeza
1903,laceria,10,50,30,10,0.463,Tristeza
1904,lacrimoso,10,20,40,30,0.63,Tristeza
1905,l†grima,0,10,50,40,0.763,Tristeza
1906,lagrimar,0,10,50,40,0.763,Tristeza
1907,l†grimas,0,10,50,40,0.763,Tristeza
1908,lagrimear,0,0,70,30,0.762,Tristeza
1909,lagrimoso,0,20,60,20,0.662,Tristeza
1910,laido,20,20,40,20,0.53,Tristeza
1911,lamentable,10,10,60,20,0.629,Tristeza
1912,lamentablemente,20,10,40,30,0.597,Tristeza
1913,lamentar,0,10,60,30,0.729,Tristeza
1914,lamento,0,10,60,30,0.729,Tristeza
1915,lamentoso,0,10,60,30,0.729,Tristeza
1916,l†nguidamente,0,60,30,10,0.496,Tristeza
1917,l†nguido,10,40,40,10,0.496,Tristeza
1918,larga,80,20,0,0,0.066,Tristeza
1919,lastima,0,20,40,40,0.73,Tristeza
1920,lastimeramente,10,0,60,30,0.696,Tristeza
1921,lastimero,10,0,50,40,0.73,Tristeza
1922,lastimoso,0,10,50,40,0.763,Tristeza
1923,llanto,0,10,20,70,0.865,Tristeza
1924,llorar,0,10,20,70,0.865,Tristeza
1925,llor¢n,0,10,50,40,0.763,Tristeza
1926,lloroso,0,10,40,50,0.797,Tristeza
1927,l¢bregamente,10,50,30,10,0.463,Tristeza
1928,l¢brego,20,40,20,20,0.464,Tristeza
1929,luctuosamente,0,0,50,50,0.83,Tristeza
1930,luctuoso,0,0,30,70,0.898,Tristeza
1931,l£gubre,0,10,20,70,0.865,Tristeza
1932,lugubres,0,10,20,70,0.865,Tristeza
1933,luto,0,0,20,80,0.932,Tristeza
1934,lutoso,0,0,20,80,0.932,Tristeza
1935,macabro,60,30,0,10,0.199,Tristeza
1936,mal,40,10,30,20,0.431,Tristeza
1937,malandante,20,50,30,0,0.363,Tristeza
1938,malaventurado,10,20,40,30,0.63,Tristeza
1939,malcontento,20,10,50,20,0.563,Tristeza
1940,maldito,20,80,0,0,0.264,Tristeza
1941,malhadado,0,50,40,10,0.529,Tristeza
1942,malhumorar,40,30,30,0,0.297,Tristeza
1943,malo,50,30,10,10,0.265,Tristeza
1944,maltrecho,30,40,30,0,0.33,Tristeza
1945,melancol°a,0,10,20,70,0.865,Tristeza
1946,melanc¢licamente,0,10,20,70,0.865,Tristeza
1947,melanc¢lico,0,10,20,70,0.865,Tristeza
1948,menesteroso,0,60,40,0,0.462,Tristeza
1949,menguante,70,30,0,0,0.099,Tristeza
1950,mezquinamente,40,50,10,0,0.231,Tristeza
1951,mezquindad,30,70,0,0,0.231,Tristeza
1952,miserable,0,20,70,10,0.628,Tristeza
1953,miserablemente,0,10,80,10,0.661,Tristeza
1954,m°seramente,0,40,40,20,0.596,Tristeza
1955,miseria,0,40,40,20,0.596,Tristeza
1956,m°sero,0,40,50,10,0.562,Tristeza
1957,misÇrrimamente,10,50,30,10,0.463,Tristeza
1958,molestar,60,40,0,0,0.132,Tristeza
1959,morri§a,30,20,10,40,0.532,Tristeza
1960,muerte,0,10,20,70,0.865,Tristeza
1961,muerto,0,30,20,50,0.731,Tristeza
1962,mustiamente,50,20,20,10,0.298,Tristeza
1963,mustio,50,10,20,20,0.365,Tristeza
1964,necesitado,20,30,30,20,0.497,Tristeza
1965,nefasto,30,40,30,0,0.33,Tristeza
1966,negro,40,60,0,0,0.198,Tristeza
1967,nocturno,90,10,0,0,0.033,Tristeza
1968,nost†lgico,0,10,30,60,0.831,Tristeza
1969,obscuridad,40,50,0,10,0.265,Tristeza
1970,obscuro,40,50,0,10,0.265,Tristeza
1971,onerosamente,50,50,0,0,0.165,Tristeza
1972,opacidad,50,20,30,0,0.264,Tristeza
1973,opresi¢n,40,40,20,0,0.264,Tristeza
1974,opresivamente,10,60,30,0,0.396,Tristeza
1975,opresivo,10,70,20,0,0.363,Tristeza
1976,oprimente,10,60,30,0,0.396,Tristeza
1977,oprimir,50,40,10,0,0.198,Tristeza
1978,oscuramente,90,10,0,0,0.033,Tristeza
1979,oscurecer,80,20,0,0,0.066,Tristeza
1980,oscuridad,70,30,0,0,0.099,Tristeza
1981,oscuro,80,20,0,0,0.066,Tristeza
1982,padecer,10,50,40,0,0.429,Tristeza
1983,padecimiento,10,50,40,0,0.429,Tristeza
1984,pante¢n,0,50,30,20,0.563,Tristeza
1985,partir,10,20,50,20,0.596,Tristeza
1986,patÇtico,60,30,10,0,0.165,Tristeza
1987,paupÇrrimamente,50,40,0,10,0.232,Tristeza
1988,paupÇrrimo,60,20,10,10,0.232,Tristeza
1989,pena,0,10,70,20,0.695,Tristeza
1990,penalidad,40,30,20,10,0.331,Tristeza
1991,penar,0,20,70,10,0.628,Tristeza
1992,penitencia,0,60,30,10,0.496,Tristeza
1993,penitente,0,60,30,10,0.496,Tristeza
1994,penosamente,20,40,40,0,0.396,Tristeza
1995,penoso,20,50,30,0,0.363,Tristeza
1996,penumbra,30,40,20,10,0.364,Tristeza
1997,perder,10,10,60,20,0.629,Tristeza
1998,pÇrdida,0,0,40,60,0.864,Tristeza
1999,perseguir,40,50,10,0,0.231,Tristeza
2000,perverso,60,40,0,0,0.132,Tristeza
2001,pesadumbre,0,60,30,10,0.496,Tristeza
2002,pesar,10,20,60,10,0.562,Tristeza
2003,pesaroso,20,20,50,10,0.496,Tristeza
2004,pesimismo,30,10,60,0,0.429,Tristeza
2005,pisotear,20,60,20,0,0.33,Tristeza
2006,pobre,0,60,40,0,0.462,Tristeza
2007,pobremente,20,40,40,0,0.396,Tristeza
2008,pobrete,30,30,40,0,0.363,Tristeza
2009,pobreto,40,10,50,0,0.363,Tristeza
2010,pobreza,20,40,40,0,0.396,Tristeza
2011,podrir,30,50,20,0,0.297,Tristeza
2012,preocupar,20,20,60,0,0.462,Tristeza
2013,presionar,40,40,20,0,0.264,Tristeza
2014,privar,0,60,30,10,0.496,Tristeza
2015,quebranto,0,20,70,10,0.628,Tristeza
2016,reducir,70,30,0,0,0.099,Tristeza
2017,remordimiento,10,10,70,10,0.595,Tristeza
2018,ruina,20,40,30,10,0.43,Tristeza
2019,serio,60,40,0,0,0.132,Tristeza
2020,soledad,0,10,50,40,0.763,Tristeza
2021,solitario,0,0,50,50,0.83,Tristeza
2022,sollozar,10,0,30,60,0.798,Tristeza
2023,solo,0,10,60,30,0.729,Tristeza
2024,sombr°o,10,70,10,10,0.397,Tristeza
2025,sufrimiento,0,0,30,70,0.898,Tristeza
2026,sufrir,0,0,30,70,0.898,Tristeza
2027,sumisamente,0,80,10,10,0.43,Tristeza
2028,taciturnidad,20,50,10,20,0.431,Tristeza
2029,taciturno,10,60,10,20,0.464,Tristeza
2030,temor,60,20,20,0,0.198,Tristeza
2031,tenebrosamente,60,20,20,0,0.198,Tristeza
2032,tenebrosidad,70,20,10,0,0.132,Tristeza
2033,tenebroso,70,20,10,0,0.132,Tristeza
2034,tÇtrico,60,30,0,10,0.199,Tristeza
2035,tormento,10,40,30,20,0.53,Tristeza
2036,triste,0,0,10,90,0.966,Tristeza
2037,tristemente,0,0,10,90,0.966,Tristeza
2038,tristeza,0,0,10,90,0.966,Tristeza
2039,trizas,30,20,30,20,0.464,Tristeza
2040,vejaci¢n,30,50,20,0,0.297,Tristeza
2041,vejar,20,40,40,0,0.396,Tristeza
2042,vergonzoso,40,50,10,0,0.231,Tristeza
2043,zangarriana ,20,20,40,20,0.53,Tristeza
